,ROI,Behavior,Corr,p-value,nsamples,adjusted-p
1231,Angular_L,CBCL-depressed_score,0.7109318839075094,0.00019998000199980003,15,0.27997200279972007
356,Occipital_Mid_L,CBCL-depressed_score,0.6489770356367025,0.006999300069993001,15,0.41995800419958
881,Temporal_Inf_R,CBCL-depressed_score,0.644330422016392,0.0007999200079992001,15,0.37329600373296007
364,Occipital_Mid_L,CBCL-social_prob_score,0.6382473963636071,0.007799220077992201,15,0.41995800419958
3,Frontal_Sup_Orb_R,CBCL-attention_hyper_prob_score,-0.636777342826976,0.023797620237976203,15,0.4602279498077589
359,Occipital_Mid_L,CBCL-internalizing_score,0.6355158634800622,0.011398860113988602,15,0.41995800419958
391,Occipital_Mid_R,CBCL-depressed_score,0.6288417099486903,0.006199380061993801,15,0.41995800419958
461,Occipital_Sup_R,CBCL-depressed_score,0.6195484827080693,0.0091990800919908,15,0.41995800419958
321,Precuneus_R,CBCL-depressed_score,0.6149018690877587,0.007399260073992601,15,0.41995800419958
1098,Cerebelum_7b_R,CBCL-sluggish_cogn_tempo_score,0.610467809594584,0.0011998800119988001,15,0.37329600373296007
4,Frontal_Sup_Orb_R,CBCL-attention_prob_score,-0.6031122846822315,0.037196280371962806,15,0.5370891482280343
286,Thalamus_R,CBCL-depressed_score,0.590119929779436,0.004999500049995001,15,0.41995800419958
776,CSF,CBCL-depressed_score,0.582375573745585,0.0065993400659934,15,0.41995800419958
399,Occipital_Mid_R,CBCL-social_prob_score,0.5795406783018602,0.007599240075992401,15,0.41995800419958
1142,Frontal_Med_Orb_L,"VSA DAS_SA,rd_ABILITY_SCORE",-0.5725736671615601,0.0093990600939906,12,0.41995800419958
1266,Angular_R,CBCL-depressed_score,0.5637891192643429,0.0059994000599940004,15,0.41995800419958
1234,Angular_L,CBCL-internalizing_score,0.5597885059158492,0.004399560043995601,15,0.41995800419958
1148,Frontal_Med_Orb_L,Vineland-domestic_RAW_SCORE,-0.5575245495852039,0.030596940305969402,15,0.5093107710505544
469,Occipital_Sup_R,CBCL-social_prob_score,0.5569611713550345,0.028197180281971802,15,0.4873586715402533
1269,Angular_R,CBCL-internalizing_score,0.5553339554708955,0.0071992800719928,15,0.41995800419958
394,Occipital_Mid_R,CBCL-internalizing_score,0.5553339554708955,0.012998700129987,15,0.41995800419958
1274,Angular_R,CBCL-social_prob_score,0.553950570428791,0.006399360063993601,15,0.41995800419958
1126,Frontal_Med_Orb_L,CBCL-depressed_score,0.5436537935763308,0.013798620137986202,15,0.42929040429290405
846,Temporal_Mid_R,CBCL-depressed_score,0.5421049223695606,0.010998900109989001,15,0.41995800419958
658,Frontal_Mid_L,Vineland-domestic_RAW_SCORE,-0.5250760308262766,0.0015998400159984002,15,0.37329600373296007
44,Postcentral_L,CBCL-internalizing_score,0.5241521023562195,0.008799120087991202,15,0.41995800419958
464,Occipital_Sup_R,CBCL-internalizing_score,0.5211824020595838,0.04659534046595341,15,0.5828925304190892
566,Parietal_Sup_L,CBCL-depressed_score,0.518871854268008,0.0051994800519948,15,0.41995800419958
426,Occipital_Sup_L,CBCL-depressed_score,0.5173229830612378,0.006999300069993001,15,0.41995800419958
168,Frontal_Sup_Medial_R,Vineland-domestic_RAW_SCORE,-0.5162264348011147,0.012598740125987402,15,0.41995800419958
186,Frontal_Sup_Orb_L,CBCL-oppo_def_prob_score,-0.5142042288640725,0.031196880311968805,15,0.5093107710505544
179,Frontal_Sup_Orb_L,CBCL-attention_prob_score,-0.5114628688726768,0.025797420257974202,15,0.4666200046662
1152,Frontal_Med_Orb_L,Vineland-play_leisure_RAW_SCORE,-0.5029673851018478,0.0665933406659334,15,0.6318287090209899
1239,Angular_L,CBCL-social_prob_score,0.4997597537564093,0.012798720127987202,15,0.41995800419958
569,Parietal_Sup_L,CBCL-internalizing_score,0.49890964983481517,0.0091990800919908,15,0.41995800419958
518,Precentral_L,Vineland-domestic_RAW_SCORE,-0.4985272427507907,0.014798520147985201,15,0.43106800431068
888,Temporal_Inf_R,CBCL-sluggish_cogn_tempo_score,0.49846983935888517,0.0105989401059894,15,0.41995800419958
11,Frontal_Sup_Orb_R,CBCL-oppo_def_prob_score,-0.49631886438184386,0.11698830116988301,15,0.7090200070902001
1094,Cerebelum_7b_R,CBCL-internalizing_score,0.49000054894490774,0.009799020097990201,15,0.41995800419958
398,Occipital_Mid_R,CBCL-sluggish_cogn_tempo_score,0.48742778595536557,0.045995400459954004,15,0.5828925304190892
1301,Frontal_Mid_R,CBCL-depressed_score,0.4863455589258343,0.0183981601839816,15,0.43106800431068
1176,Frontal_Inf_Oper_L,"VSA DAS_SA,matrices_ABILITY_SCORE",0.48442442130959673,0.08539146085391461,15,0.6902758000062063
468,Occipital_Sup_R,CBCL-sluggish_cogn_tempo_score,0.4842729135543599,0.0755924407559244,15,0.6655938179766928
884,Temporal_Inf_R,CBCL-internalizing_score,0.48109144805500037,0.018998100189981004,15,0.43106800431068
1344,Occipital_Inf_R,CBCL-social_prob_score,0.480190847735827,0.012998700129987,15,0.41995800419958
1339,Occipital_Inf_R,CBCL-internalizing_score,0.4796065979066825,0.015598440155984402,15,0.43106800431068
833,Cerebelum_4_5_R,Vineland-domestic_RAW_SCORE,-0.47787818535874615,0.017998200179982,15,0.43106800431068
839,Cerebelum_4_5_R,Vineland-written_RAW_SCORE,-0.47240630890847124,0.018198180181981802,15,0.43106800431068
18,Frontal_Sup_Orb_R,CBCL-thought_prob_score,-0.47199288008451096,0.1217878212178782,15,0.7180871870971899
811,Cerebelum_4_5_R,CBCL-depressed_score,0.47085684685813256,0.0031996800319968005,15,0.41995800419958
1336,Occipital_Inf_R,CBCL-depressed_score,0.4662102332378221,0.018598140185981403,15,0.43106800431068
1145,Frontal_Med_Orb_L,"VSA DAS_SA,word_defn_ABILITY_SCORE",-0.4612454077854961,0.100989901009899,12,0.6906856484162904
1031,Cerebelum_10_R,CBCL-som_prob_score,0.4602550748156476,0.016798320167983202,15,0.43106800431068
1129,Frontal_Med_Orb_L,CBCL-internalizing_score,0.4588186958302319,0.04659534046595341,15,0.5828925304190892
1161,Frontal_Inf_Oper_L,CBCL-depressed_score,0.45846587720397125,0.08399160083991601,15,0.6901635417853563
41,Postcentral_L,CBCL-depressed_score,0.45846587720397125,0.0201979802019798,15,0.44183081691830817
1091,Cerebelum_7b_R,CBCL-depressed_score,0.4507215211701204,0.0193980601939806,15,0.43106800431068
488,Occipital_Sup_R,Vineland-receptive_RAW_SCORE,0.45052141007070884,0.1643835616438356,15,0.774501989053431
434,Occipital_Sup_L,CBCL-social_prob_score,0.44857953801027106,0.0183981601839816,15,0.43106800431068
671,Frontal_Inf_Tri_R,CBCL-depressed_score,0.44762377875658005,0.0273972602739726,15,0.4855210681463499
49,Postcentral_L,CBCL-social_prob_score,0.44707423754714926,0.018198180181981802,15,0.43106800431068
69,Postcentral_L,Vineland-written_RAW_SCORE,-0.4459162355117346,0.024797520247975203,15,0.4604802677626974
133,Frontal_Sup_Medial_L,Vineland-domestic_RAW_SCORE,-0.4424798012580983,0.012598740125987402,15,0.41995800419958
355,Occipital_Mid_L,CBCL-conduct_prob_score,0.4411116680348306,0.12218778122187782,15,0.7180871870971899
98,Frontal_Sup_L,Vineland-domestic_RAW_SCORE,-0.43952993591637773,0.0081991800819918,15,0.41995800419958
429,Occipital_Sup_L,CBCL-internalizing_score,0.4365459436054633,0.022397760223977603,15,0.4602279498077589
63,Postcentral_L,Vineland-domestic_RAW_SCORE,-0.4336302052329364,0.028197180281971802,15,0.4873586715402533
76,Frontal_Sup_L,CBCL-depressed_score,0.43213506668887836,0.0031996800319968005,15,0.41995800419958
369,Occipital_Mid_L,CBCL-total_problems_score,0.42920540722035533,0.1337866213378662,15,0.735464915046957
1273,Angular_R,CBCL-sluggish_cogn_tempo_score,0.42906264653676185,0.050794920507949204,15,0.5828925304190892
57,Postcentral_L,"VSA DAS_SA,rd_ABILITY_SCORE",-0.42606656694789724,0.015198480151984802,12,0.43106800431068
854,Temporal_Mid_R,CBCL-social_prob_score,0.4260000310634453,0.050794920507949204,15,0.5828925304190892
1371,Frontal_Mid_Orb_R,CBCL-depressed_score,0.42129296824148704,0.016198380161983803,15,0.43106800431068
363,Occipital_Mid_L,CBCL-sluggish_cogn_tempo_score,0.4195980293337451,0.12458754124587541,15,0.7249067624357897
1167,Frontal_Inf_Oper_L,CBCL-rule_break_behav_score,0.4189101567184974,0.11298870112988701,15,0.7036464495143406
191,Frontal_Sup_Orb_L,CBCL-som_prob_score,-0.4184137043778615,0.100989901009899,15,0.6906856484162904
178,Frontal_Sup_Orb_L,CBCL-attention_hyper_prob_score,-0.41750967289127194,0.08659134086591341,15,0.690385506903855
1028,Cerebelum_10_R,CBCL-sluggish_cogn_tempo_score,0.4164431569327395,0.0337966203379662,15,0.5093107710505544
273,Frontal_Sup_R,Vineland-domestic_RAW_SCORE,-0.4129811478408918,0.07219278072192781,15,0.6532680065326801
351,Occipital_Mid_L,CBCL-anx_prob_score,0.41277045446049854,0.1471852814718528,15,0.7554153675541536
1154,Frontal_Med_Orb_L,Vineland-written_RAW_SCORE,-0.4120678083936822,0.15458454154584542,15,0.7642744497480077
1047,Cerebelum_10_R,Vineland-play_leisure_RAW_SCORE,0.4112498031126873,0.30016998300169984,15,0.8754957837549578
706,Frontal_Mid_Orb_L,CBCL-depressed_score,0.40890199858732573,0.1665833416658334,15,0.774501989053431
19,Frontal_Sup_Orb_R,CBCL-total_problems_score,-0.40855634982831074,0.22697730226977303,15,0.8232337388022856
329,Precuneus_R,CBCL-social_prob_score,0.4079364255059847,0.10138986101389862,15,0.6906856484162904
1033,Cerebelum_10_R,CBCL-thought_prob_score,0.4075621059777364,0.052394760523947606,15,0.5888300058883
601,Parietal_Sup_R,CBCL-depressed_score,0.4073531273805555,0.039996000399960006,15,0.5599440055994401
238,Temporal_Pole_Mid_R,Vineland-domestic_RAW_SCORE,-0.4070814171574504,0.0059994000599940004,15,0.41995800419958
251,Frontal_Sup_R,CBCL-depressed_score,0.40425538496701513,0.037396260373962605,15,0.5370891482280343
763,Postcentral_R,Vineland-domestic_RAW_SCORE,-0.4041315518157298,0.0451954804519548,15,0.5828925304190892
1054,Frontal_Inf_Orb_R,CBCL-attention_prob_score,-0.4035530728388461,0.16378362163783622,15,0.774501989053431
167,Frontal_Sup_Medial_R,Vineland-copy_skills_RAW_SCORE,-0.40353504735507917,0.0491950804919508,15,0.5828925304190892
47,Postcentral_L,CBCL-rule_break_behav_score,0.4024529719902707,0.041195880411958805,15,0.56543365271316
175,Frontal_Sup_Orb_L,CBCL-aggr_behav_score,-0.4023943901941515,0.09859014098590141,15,0.6906856484162904
54,Postcentral_L,CBCL-total_problems_score,0.4011816864740091,0.043795620437956206,15,0.5828925304190892
336,Precuneus_R,"VSA DAS_SA,matrices_ABILITY_SCORE",0.39823848132199974,0.26917308269173085,15,0.8700475243955426
0,Frontal_Sup_Orb_R,CBCL-aggr_behav_score,-0.39793983974919783,0.28317168283171684,15,0.8749894241345096
932,Frontal_Inf_Tri_L,"VSA DAS_SA,rd_ABILITY_SCORE",-0.3976621291513708,0.0165983401659834,12,0.43106800431068
1083,Frontal_Inf_Orb_R,Vineland-receptive_RAW_SCORE,0.39734511248859244,0.32356764323567644,15,0.8764340957208628
1053,Frontal_Inf_Orb_R,CBCL-attention_hyper_prob_score,-0.39648400591113603,0.1715828417158284,15,0.774501989053431
1200,Frontal_Inf_Oper_R,CBCL-obsessive_comp_prob_score,-0.3960709178236914,0.23937606239376064,15,0.8462790084627901
784,CSF,CBCL-social_prob_score,0.39589402180101096,0.08459154084591541,15,0.6901635417853563
1032,Cerebelum_10_R,CBCL-stress_prob_score,0.39467048864289955,0.053594640535946404,15,0.5908070610261809
517,Precentral_L,Vineland-copy_skills_RAW_SCORE,-0.39322575782411007,0.0337966203379662,15,0.5093107710505544
1147,Frontal_Med_Orb_L,Vineland-copy_skills_RAW_SCORE,-0.39322575782411007,0.16778322167783222,15,0.774501989053431
1352,Occipital_Inf_R,"VSA DAS_SA,rd_ABILITY_SCORE",-0.3916822475099967,0.048795120487951205,12,0.5828925304190892
744,Postcentral_R,CBCL-internalizing_score,0.3905155890076083,0.019198080191980802,15,0.43106800431068
1134,Frontal_Med_Orb_L,CBCL-social_prob_score,0.38987281994852413,0.10378962103789621,15,0.6906856484162904
749,Postcentral_R,CBCL-social_prob_score,0.38987281994852413,0.023997600239976002,15,0.4602279498077589
704,Frontal_Mid_Orb_L,CBCL-attention_prob_score,-0.3887709089985953,0.052394760523947606,15,0.5888300058883
496,Precentral_L,CBCL-depressed_score,0.3872178016925433,0.031796820317968204,15,0.5093107710505544
1328,Frontal_Mid_R,Vineland-receptive_RAW_SCORE,0.3870052768476253,0.2131786821317868,15,0.8045432015938192
678,Frontal_Inf_Tri_R,CBCL-sluggish_cogn_tempo_score,0.3864718691231862,0.049795020497950204,15,0.5828925304190892
357,Occipital_Mid_L,CBCL-depressive_prob_score,0.38623478558076146,0.13658634136586342,15,0.735464915046957
849,Temporal_Mid_R,CBCL-internalizing_score,0.3860610385626546,0.08459154084591541,15,0.6901635417853563
1282,Angular_R,"VSA DAS_SA,rd_ABILITY_SCORE",-0.38420739545827925,0.015998400159984,12,0.43106800431068
362,Occipital_Mid_L,CBCL-rule_break_behav_score,0.38001135645177975,0.202979702029797,15,0.7982347832632466
1306,Frontal_Mid_R,CBCL-oppo_def_prob_score,-0.3785735482071722,0.18418158184181582,15,0.7745623132211273
1151,Frontal_Med_Orb_L,Vineland-personal_RAW_SCORE,-0.3784982013512969,0.18618138186181382,15,0.7745623132211273
718,Frontal_Mid_Orb_L,CBCL-thought_prob_score,-0.3775943040676088,0.060193980601939805,15,0.6230362879205037
456,Occipital_Sup_R,CBCL-anx_prob_score,0.3766153781573892,0.20617938206179381,15,0.7995876312645743
779,CSF,CBCL-internalizing_score,0.37269738722779355,0.11098890110988902,15,0.6999300069993002
62,Postcentral_L,Vineland-copy_skills_RAW_SCORE,-0.3726071787621717,0.052594740525947405,15,0.5888300058883
853,Temporal_Mid_R,CBCL-sluggish_cogn_tempo_score,0.372274943318661,0.10018998100189981,15,0.6906856484162904
1143,Frontal_Med_Orb_L,"VSA DAS_SA,seq_qr_ABILITY_SCORE",-0.3722476321755313,0.19198080191980801,12,0.7745623132211273
628,Parietal_Sup_R,Vineland-receptive_RAW_SCORE,0.37223408307481526,0.24597540245975402,15,0.8515529865106398
741,Postcentral_R,CBCL-depressed_score,0.3717290896248415,0.0341965803419658,15,0.5093107710505544
1160,Frontal_Inf_Oper_L,CBCL-conduct_prob_score,0.3698668281804078,0.1653834616538346,15,0.774501989053431
836,Cerebelum_4_5_R,Vineland-personal_RAW_SCORE,-0.3696616674676091,0.064993500649935,15,0.6289781980706038
783,CSF,CBCL-sluggish_cogn_tempo_score,0.36754263471715265,0.11098890110988902,15,0.6999300069993002
531,Parietal_Inf_L,CBCL-depressed_score,0.36708247600453103,0.0245975402459754,15,0.4604802677626974
512,Precentral_L,"VSA DAS_SA,rd_ABILITY_SCORE",-0.3662677505341572,0.08459154084591541,12,0.6901635417853563
938,Frontal_Inf_Tri_L,Vineland-domestic_RAW_SCORE,-0.3657833023733612,0.0207979202079792,15,0.44795520447955206
17,Frontal_Sup_Orb_R,CBCL-stress_prob_score,-0.363394714071198,0.30196980301969806,15,0.8764340957208628
386,Occipital_Mid_R,CBCL-anx_prob_score,0.36305722454372313,0.1337866213378662,15,0.735464915046957
679,Frontal_Inf_Tri_R,CBCL-social_prob_score,0.36277741161233323,0.06679332066793321,15,0.6318287090209899
33,Frontal_Sup_Orb_R,Vineland-receptive_RAW_SCORE,0.36189424743384807,0.36236376362363765,15,0.8764340957208628
1238,Angular_L,CBCL-sluggish_cogn_tempo_score,0.3612328899151414,0.07879212078792121,15,0.6767421417367466
993,Cerebelum_Crus2_R,CBCL-sluggish_cogn_tempo_score,0.3612328899151414,0.011198880111988802,15,0.41995800419958
37,Postcentral_L,CBCL-anxious_score,0.36096672029176774,0.0653934606539346,15,0.6289781980706038
254,Frontal_Sup_R,CBCL-internalizing_score,0.3608185860412503,0.074992500749925,15,0.664490512974019
499,Precentral_L,CBCL-internalizing_score,0.3608185860412503,0.043995600439956005,15,0.5828925304190892
832,Cerebelum_4_5_R,Vineland-copy_skills_RAW_SCORE,-0.35787962228935855,0.0655934406559344,15,0.6289781980706038
325,Precuneus_R,CBCL-obsessive_comp_prob_score,-0.357691952918295,0.11798820117988201,15,0.7119977657406673
769,Postcentral_R,Vineland-written_RAW_SCORE,-0.3576159908559456,0.08239176082391761,15,0.6901635417853563
1144,Frontal_Med_Orb_L,"VSA DAS_SA,verbal_similarities_ABILITY_SCORE",-0.3560971961462282,0.30616938306169383,12,0.8764340957208628
958,Cerebelum_8_R,CBCL-sluggish_cogn_tempo_score,0.3549231451131302,0.021397860213978603,15,0.45389400453894
574,Parietal_Sup_L,CBCL-social_prob_score,0.35374560883360295,0.0627937206279372,15,0.6230362879205037
814,Cerebelum_4_5_R,CBCL-internalizing_score,0.3533943352996608,0.023997600239976002,15,0.4602279498077589
150,Frontal_Sup_Medial_R,CBCL-obsessive_comp_prob_score,-0.3530864771296474,0.43415658434156584,15,0.8982752950862952
183,Frontal_Sup_Orb_L,CBCL-externalizing_score,-0.35303153117016206,0.14978502149785022,15,0.756626846275946
757,Postcentral_R,"VSA DAS_SA,rd_ABILITY_SCORE",-0.35281301684106575,0.0301969803019698,12,0.5093107710505544
462,Occipital_Sup_R,CBCL-depressive_prob_score,0.3526491520519996,0.22457754224577542,15,0.818772289437723
219,Temporal_Pole_Mid_R,CBCL-internalizing_score,0.35190948515134285,0.06379362063793621,15,0.6245529293224524
16,Frontal_Sup_Orb_R,CBCL-som_prob_score,-0.35146751167740364,0.3307669233076692,15,0.8764340957208628
1368,Frontal_Mid_Orb_R,CBCL-attention_hyper_prob_score,-0.351429005239416,0.32056794320567944,15,0.8764340957208628
372,Occipital_Mid_L,"VSA DAS_SA,rd_ABILITY_SCORE",-0.3513180464307223,0.05799420057994201,12,0.6188854798730654
1261,Angular_R,CBCL-anx_prob_score,0.35100553244268673,0.0893910608939106,15,0.6906856484162904
289,Thalamus_R,CBCL-internalizing_score,0.34893978485470706,0.11298870112988701,15,0.7036464495143406
453,Occipital_Sup_L,Vineland-receptive_RAW_SCORE,0.347123053661038,0.29017098290170984,15,0.8754957837549578
889,Temporal_Inf_R,CBCL-social_prob_score,0.3462191065179944,0.10078992100789921,15,0.6906856484162904
324,Precuneus_R,CBCL-internalizing_score,0.34597008455807127,0.17178282171782822,15,0.774501989053431
837,Cerebelum_4_5_R,Vineland-play_leisure_RAW_SCORE,-0.34320127454008437,0.0817918208179182,15,0.6898105370185873
236,Temporal_Pole_Mid_R,Vineland-community_RAW_SCORE,-0.3431520658165455,0.0131986801319868,15,0.41995800419958
79,Frontal_Sup_L,CBCL-internalizing_score,0.3430003842614354,0.023397660233976603,15,0.4602279498077589
944,Frontal_Inf_Tri_L,Vineland-written_RAW_SCORE,-0.33848427118052465,0.033996600339966,15,0.5093107710505544
1267,Angular_R,CBCL-depressive_prob_score,0.33738295499347143,0.1045895410458954,15,0.6906856484162904
279,Frontal_Sup_R,Vineland-written_RAW_SCORE,-0.33701260043626147,0.1483851614838516,15,0.7554153675541536
8,Frontal_Sup_Orb_R,CBCL-externalizing_score,-0.33678321802007094,0.42295770422957707,15,0.8982752950862952
146,Frontal_Sup_Medial_R,CBCL-depressed_score,0.3361050518691276,0.024997500249975,15,0.4604802677626974
908,Temporal_Inf_R,Vineland-receptive_RAW_SCORE,0.3353060986427899,0.40875912408759124,15,0.8982752950862952
1100,Cerebelum_7b_R,CBCL-som_comp_score,0.3345949514152971,0.0585941405859414,15,0.6188854798730654
916,Frontal_Inf_Tri_L,CBCL-depressed_score,0.3345561806623574,0.0385961403859614,15,0.5458040054580401
1024,Cerebelum_10_R,CBCL-internalizing_score,0.33409128337152805,0.08039196080391961,15,0.6821136068211361
1218,Frontal_Inf_Oper_R,Vineland-domestic_RAW_SCORE,-0.3333347836144341,0.35276472352764726,15,0.8764340957208628
664,Frontal_Mid_L,Vineland-written_RAW_SCORE,-0.332597588203472,0.0347965203479652,15,0.5127908261805398
873,Temporal_Mid_R,Vineland-receptive_RAW_SCORE,0.3323518598882279,0.26017398260173985,15,0.8691767402832163
502,Precentral_L,CBCL-rule_break_behav_score,0.3306398022670997,0.07839216078392161,15,0.6767421417367466
1044,Cerebelum_10_R,Vineland-expressive_RAW_SCORE,0.3306295572683023,0.46215378462153783,15,0.8982752950862952
40,Postcentral_L,CBCL-conduct_prob_score,0.3304547891120037,0.09019098090190981,15,0.6906856484162904
598,Parietal_Sup_R,CBCL-attention_hyper_prob_score,-0.33040333825928003,0.35636436356364365,15,0.8764340957208628
237,Temporal_Pole_Mid_R,Vineland-copy_skills_RAW_SCORE,-0.3298972649910137,0.0165983401659834,15,0.43106800431068
301,Thalamus_R,"VSA DAS_SA,matrices_ABILITY_SCORE",0.32988411512494004,0.37876212378762125,15,0.8823077758779864
392,Occipital_Mid_R,CBCL-depressive_prob_score,0.3297498564642074,0.1603839616038396,15,0.7742674008461222
657,Frontal_Mid_L,Vineland-copy_skills_RAW_SCORE,-0.3254789980491697,0.041195880411958805,15,0.56543365271316
1030,Cerebelum_10_R,CBCL-som_comp_score,0.325427966445015,0.0903909609039096,15,0.6906856484162904
43,Postcentral_L,CBCL-externalizing_score,0.3249662630018228,0.11098890110988902,15,0.6999300069993002
264,Frontal_Sup_R,CBCL-total_problems_score,0.3244851875892721,0.09619038096190381,15,0.6906856484162904
599,Parietal_Sup_R,CBCL-attention_prob_score,-0.3237293881014919,0.3103689631036896,15,0.8764340957208628
1034,Cerebelum_10_R,CBCL-total_problems_score,0.32301025491841173,0.0973902609739026,15,0.6906856484162904
36,Postcentral_L,CBCL-anx_prob_score,0.3223827637027251,0.09959004099590041,15,0.6906856484162904
1331,Occipital_Inf_R,CBCL-anx_prob_score,0.3223827637027251,0.07639236076392361,15,0.6677593110254192
174,Frontal_Sup_Medial_R,Vineland-written_RAW_SCORE,-0.32229589299362993,0.12858714128587143,15,0.735464915046957
193,Frontal_Sup_Orb_L,CBCL-thought_prob_score,-0.3221538705338725,0.1665833416658334,15,0.774501989053431
524,Precentral_L,Vineland-written_RAW_SCORE,-0.3208242222493668,0.10838916108389161,15,0.6960771812726984
919,Frontal_Inf_Tri_L,CBCL-internalizing_score,0.32072763203666693,0.04939506049395061,15,0.5828925304190892
1376,Frontal_Mid_Orb_R,CBCL-oppo_def_prob_score,-0.3204461136399292,0.36676332366763326,15,0.8764340957208628
1201,Frontal_Inf_Oper_R,CBCL-oppo_def_prob_score,-0.3204461136399292,0.3615638436156384,15,0.8764340957208628
915,Frontal_Inf_Tri_L,CBCL-conduct_prob_score,0.31984385551666417,0.050794920507949204,15,0.5828925304190892
1369,Frontal_Mid_Orb_R,CBCL-attention_prob_score,-0.31929473894941673,0.38976102389761025,15,0.894992467966318
216,Temporal_Pole_Mid_R,CBCL-depressed_score,0.3190674685946557,0.09019098090190981,15,0.6906856484162904
983,Cerebelum_Crus2_R,CBCL-attention_hyper_prob_score,-0.318388671413488,0.5495450454954505,15,0.9242086544033769
674,Frontal_Inf_Tri_R,CBCL-internalizing_score,0.3177579317400311,0.1075892410758924,15,0.6954143295347884
609,Parietal_Sup_R,CBCL-social_prob_score,0.31761839771868183,0.11358864113588642,15,0.7036464495143406
1378,Frontal_Mid_Orb_R,CBCL-sluggish_cogn_tempo_score,0.317064676301063,0.048995100489951,15,0.5828925304190892
1355,Occipital_Inf_R,"VSA DAS_SA,word_defn_ABILITY_SCORE",-0.316453160034062,0.15078492150784922,12,0.756626846275946
1205,Frontal_Inf_Oper_R,CBCL-som_comp_score,-0.3162609814747329,0.36776322367763226,15,0.8764340957208628
197,Frontal_Sup_Orb_L,"VSA DAS_SA,rd_ABILITY_SCORE",-0.31543875658247833,0.3451654834516548,12,0.8764340957208628
563,Parietal_Sup_L,CBCL-attention_hyper_prob_score,-0.31538500470204,0.33096690330966905,15,0.8764340957208628
1398,Frontal_Mid_Orb_R,Vineland-receptive_RAW_SCORE,0.3146264273608557,0.38336166383361664,15,0.8871178997802699
1337,Occipital_Inf_R,CBCL-depressive_prob_score,0.3144836594056793,0.09399060093990601,15,0.6906856484162904
534,Parietal_Inf_L,CBCL-internalizing_score,0.3133033812950774,0.048995100489951,15,0.5828925304190892
111,Frontal_Sup_Medial_L,CBCL-depressed_score,0.312871983767575,0.059994000599940006,15,0.6230362879205037
367,Occipital_Mid_L,CBCL-stress_prob_score,0.3127577457170147,0.2997700229977002,15,0.8754957837549578
213,Temporal_Pole_Mid_R,CBCL-attention_hyper_prob_score,-0.31238133799059203,0.32656734326567344,15,0.8764340957208628
1351,Occipital_Inf_R,"VSA DAS_SA,matrices_ABILITY_SCORE",-0.31205254133440274,0.3147685231476852,15,0.8764340957208628
1164,Frontal_Inf_Oper_L,CBCL-internalizing_score,0.3103336809984416,0.2765723427657234,15,0.8700475243955426
259,Frontal_Sup_R,CBCL-social_prob_score,0.31009189540307325,0.11558844115588442,15,0.7066542254071536
1224,Frontal_Inf_Oper_R,Vineland-written_RAW_SCORE,-0.3090508562952616,0.35176482351764826,15,0.8764340957208628
200,Frontal_Sup_Orb_L,"VSA DAS_SA,word_defn_ABILITY_SCORE",-0.30898964210873037,0.35256474352564743,12,0.8764340957208628
604,Parietal_Sup_R,CBCL-internalizing_score,0.3088488308501237,0.12478752124787522,15,0.7249067624357897
636,Frontal_Mid_L,CBCL-depressed_score,0.3082253701472644,0.032996700329967,15,0.5093107710505544
762,Postcentral_R,Vineland-copy_skills_RAW_SCORE,-0.307805930281794,0.10638936106389361,15,0.6954143295347884
529,Parietal_Inf_L,CBCL-attention_prob_score,-0.3074690078772161,0.4811518848115188,15,0.9027742387051617
639,Frontal_Mid_L,CBCL-internalizing_score,0.30736398070180576,0.04179582041795821,15,0.56809852995283
1056,Frontal_Inf_Orb_R,CBCL-depressed_score,0.30667649894049426,0.0847915208479152,15,0.6901635417853563
1294,Angular_R,Vineland-written_RAW_SCORE,-0.3061075148067353,0.1151884811518848,15,0.7066542254071536
714,Frontal_Mid_Orb_L,CBCL-social_prob_score,0.3055759940137081,0.3397660233976602,15,0.8764340957208628
1150,Frontal_Med_Orb_L,Vineland-inter_pers_rel_RAW_SCORE,-0.3048604189872314,0.3271672832716728,15,0.8764340957208628
132,Frontal_Sup_Medial_L,Vineland-copy_skills_RAW_SCORE,-0.3048604189872314,0.06999300069993,15,0.6404588299339999
593,Parietal_Sup_L,Vineland-receptive_RAW_SCORE,0.30428659171988864,0.5781421857814218,15,0.930343747234472
1099,Cerebelum_7b_R,CBCL-social_prob_score,0.3040706935505864,0.10058994100589941,15,0.6906856484162904
573,Parietal_Sup_L,CBCL-sluggish_cogn_tempo_score,0.3028677504965378,0.0857914208579142,15,0.6902758000062063
352,Occipital_Mid_L,CBCL-anxious_score,0.30234819306489946,0.29917008299170084,15,0.8754957837549578
127,Frontal_Sup_Medial_L,"VSA DAS_SA,rd_ABILITY_SCORE",-0.30198402288938686,0.17638236176382363,12,0.774501989053431
559,Parietal_Inf_L,Vineland-written_RAW_SCORE,-0.3016925025739458,0.04459554044595541,15,0.5828925304190892
1279,Angular_R,CBCL-total_problems_score,0.30088626485550685,0.1645835416458354,15,0.774501989053431
703,Frontal_Mid_Orb_L,CBCL-attention_hyper_prob_score,-0.30036667114480003,0.12218778122187782,15,0.7180871870971899
948,Cerebelum_8_R,CBCL-attention_hyper_prob_score,-0.30036667114480003,0.5213478652134786,15,0.9150645484764882
457,Occipital_Sup_R,CBCL-anxious_score,0.2992630074213801,0.34556544345565443,15,0.8764340957208628
1020,Cerebelum_10_R,CBCL-conduct_prob_score,0.29862198832598497,0.126987301269873,15,0.7346372800736456
819,Cerebelum_4_5_R,CBCL-social_prob_score,0.2980494916980995,0.045995400459954004,15,0.5828925304190892
1262,Angular_R,CBCL-anxious_score,0.29772041459962045,0.1381861813818618,15,0.7383994424984982
199,Frontal_Sup_Orb_L,"VSA DAS_SA,verbal_similarities_ABILITY_SCORE",-0.2967476634551902,0.36996300369963003,12,0.8764340957208628
404,Occipital_Mid_R,CBCL-total_problems_score,0.29498653417206555,0.24777522247775222,15,0.8515529865106398
693,Frontal_Inf_Tri_R,Vineland-domestic_RAW_SCORE,-0.29498653417206555,0.2753724627537246,15,0.8700475243955426
1133,Frontal_Med_Orb_L,CBCL-sluggish_cogn_tempo_score,0.2949805694940238,0.22157784221577842,15,0.8172550891124987
804,CSF,Vineland-written_RAW_SCORE,-0.2928624781083669,0.17538246175382463,15,0.774501989053431
387,Occipital_Mid_R,CBCL-anxious_score,0.29155004331258166,0.22357764223577642,15,0.8172550891124987
181,Frontal_Sup_Orb_L,CBCL-depressed_score,0.2911877868727925,0.20077992200779923,15,0.7940448892963812
1308,Frontal_Mid_R,CBCL-sluggish_cogn_tempo_score,0.2902482608925154,0.1471852814718528,15,0.7554153675541536
1146,Frontal_Med_Orb_L,Vineland-community_RAW_SCORE,-0.2901328625144182,0.35276472352764726,15,0.8764340957208628
419,Occipital_Mid_R,Vineland-written_RAW_SCORE,-0.28991913661984064,0.19758024197580243,15,0.7858305078583051
474,Occipital_Sup_R,CBCL-total_problems_score,0.2890868034886242,0.34656534346565343,15,0.8764340957208628
97,Frontal_Sup_L,Vineland-copy_skills_RAW_SCORE,-0.28866010686713695,0.0685931406859314,15,0.6336208484414717
232,Temporal_Pole_Mid_R,"VSA DAS_SA,rd_ABILITY_SCORE",-0.2885292891962954,0.031796820317968204,12,0.5093107710505544
1364,Occipital_Inf_R,Vineland-written_RAW_SCORE,-0.2884474658755775,0.2435756424357564,15,0.8515529865106398
495,Precentral_L,CBCL-conduct_prob_score,0.2880110547306454,0.1141885811418858,15,0.7042467559411459
1149,Frontal_Med_Orb_L,Vineland-expressive_RAW_SCORE,-0.287824837800531,0.37436256374362564,15,0.8764340957208628
442,Occipital_Sup_L,"VSA DAS_SA,rd_ABILITY_SCORE",-0.2870343187859518,0.033596640335966405,12,0.5093107710505544
358,Occipital_Mid_L,CBCL-externalizing_score,0.2865611591925165,0.3651634836516348,15,0.8764340957208628
754,Postcentral_R,CBCL-total_problems_score,0.2861369381469036,0.07999200079992001,15,0.6821136068211361
294,Thalamus_R,CBCL-social_prob_score,0.2860070879931258,0.1795820417958204,15,0.7745623132211273
2,Frontal_Sup_Orb_R,CBCL-anxious_score,-0.28537967202554293,0.5133486651334866,15,0.9129213660912389
528,Parietal_Inf_L,CBCL-attention_hyper_prob_score,-0.28534833758756,0.573942605739426,15,0.930343747234472
606,Parietal_Sup_R,CBCL-oppo_def_prob_score,-0.284675384675472,0.38336166383361664,15,0.8871178997802699
652,Frontal_Mid_L,"VSA DAS_SA,rd_ABILITY_SCORE",-0.2840443779652648,0.06819318068193181,12,0.6336208484414717
942,Frontal_Inf_Tri_L,Vineland-play_leisure_RAW_SCORE,-0.2840286409986905,0.07379262073792621,15,0.6580233696375586
1196,Frontal_Inf_Oper_R,CBCL-depressed_score,0.28344343083894163,0.09359064093590641,15,0.6906856484162904
1259,Angular_L,Vineland-written_RAW_SCORE,-0.28108911215426174,0.12258774122587741,15,0.7180871870971899
223,Temporal_Pole_Mid_R,CBCL-sluggish_cogn_tempo_score,0.2807836436894986,0.13058694130586943,15,0.735464915046957
6,Frontal_Sup_Orb_R,CBCL-depressed_score,0.28034568842540136,0.09379062093790622,15,0.6906856484162904
539,Parietal_Inf_L,CBCL-social_prob_score,0.27998588614063896,0.07279272072792721,15,0.6532680065326801
1063,Frontal_Inf_Orb_R,CBCL-sluggish_cogn_tempo_score,0.27920620748899583,0.09959004099590041,15,0.6906856484162904
1304,Frontal_Mid_R,CBCL-internalizing_score,0.27915182788376564,0.14558544145585442,15,0.7554153675541536
250,Frontal_Sup_R,CBCL-conduct_prob_score,0.27891596879178293,0.15558444155584442,15,0.7642744497480077
1046,Cerebelum_10_R,Vineland-personal_RAW_SCORE,0.2783508173361678,0.6235376462353764,15,0.9519658721150785
922,Frontal_Inf_Tri_L,CBCL-rule_break_behav_score,0.27827603267728757,0.098990100989901,15,0.6906856484162904
257,Frontal_Sup_R,CBCL-rule_break_behav_score,0.27827603267728757,0.16978302169783022,15,0.774501989053431
208,Frontal_Sup_Orb_L,Vineland-receptive_RAW_SCORE,0.2776984429288304,0.1987801219878012,15,0.7883630900366053
818,Cerebelum_4_5_R,CBCL-sluggish_cogn_tempo_score,0.27762877128849295,0.057394260573942604,15,0.6188854798730654
617,Parietal_Sup_R,"VSA DAS_SA,rd_ABILITY_SCORE",-0.2765695259135474,0.0051994800519948,12,0.41995800419958
1016,Cerebelum_10_R,CBCL-anx_prob_score,0.27568245681120884,0.1645835416458354,15,0.774501989053431
1045,Cerebelum_10_R,Vineland-inter_pers_rel_RAW_SCORE,0.2754053060416051,0.6443355664433557,15,0.9570381212669038
969,Cerebelum_8_R,"VSA DAS_SA,verbal_similarities_ABILITY_SCORE",0.27449158869605095,0.8753124687531247,12,0.9906701637528555
194,Frontal_Sup_Orb_L,CBCL-total_problems_score,-0.27433747678002096,0.270972902709729,15,0.8700475243955426
1061,Frontal_Inf_Orb_R,CBCL-oppo_def_prob_score,-0.27424225539417196,0.4313568643135686,15,0.8982752950862952
761,Postcentral_R,Vineland-community_RAW_SCORE,-0.27393255039432385,0.17998200179982002,15,0.7745623132211273
1186,Frontal_Inf_Oper_L,Vineland-personal_RAW_SCORE,0.27393255039432385,0.43015698430156984,15,0.8982752950862952
407,Occipital_Mid_R,"VSA DAS_SA,rd_ABILITY_SCORE",-0.2720846146825168,0.017198280171982803,12,0.43106800431068
978,Cerebelum_8_R,Vineland-receptive_RAW_SCORE,0.27031284604242534,0.6841315868413159,15,0.9679032096790321
1184,Frontal_Inf_Oper_L,Vineland-expressive_RAW_SCORE,0.270112540089729,0.4951504849515049,15,0.9027742387051617
416,Occipital_Mid_R,Vineland-personal_RAW_SCORE,-0.2680415278051986,0.24637536246375363,15,0.8515529865106398
825,Cerebelum_4_5_R,"VSA DAS_SA,PC_ABILITY_SCORE",-0.2676470588235294,0.10138986101389862,15,0.6906856484162904
267,Frontal_Sup_R,"VSA DAS_SA,rd_ABILITY_SCORE",-0.2675997034514863,0.0613938606139386,12,0.6230362879205037
313,Thalamus_R,Vineland-receptive_RAW_SCORE,0.2673586072878633,0.29517048295170484,15,0.8754957837549578
214,Temporal_Pole_Mid_R,CBCL-attention_prob_score,-0.2660789491245139,0.42695730426957307,15,0.8982752950862952
1288,Angular_R,Vineland-domestic_RAW_SCORE,-0.265487880754859,0.16518348165183483,15,0.774501989053431
1309,Frontal_Mid_R,CBCL-social_prob_score,0.2649328815094218,0.1755824417558244,15,0.774501989053431
231,Temporal_Pole_Mid_R,"VSA DAS_SA,matrices_ABILITY_SCORE",-0.26450167789296997,0.1837816218378162,15,0.7745623132211273
60,Postcentral_L,"VSA DAS_SA,word_defn_ABILITY_SCORE",-0.2642085345567405,0.12918708129187081,12,0.735464915046957
1343,Occipital_Inf_R,CBCL-sluggish_cogn_tempo_score,0.26343184548396775,0.17718228177182282,15,0.774501989053431
986,Cerebelum_Crus2_R,CBCL-depressed_score,0.26330810515092945,0.06239376062393761,15,0.6230362879205037
791,CSF,"VSA DAS_SA,matrices_ABILITY_SCORE",0.26301571341042523,0.5975402459754025,15,0.9413231905155942
698,Frontal_Inf_Tri_R,Vineland-receptive_RAW_SCORE,0.2629272491560203,0.24817518248175183,15,0.8515529865106398
1253,Angular_L,Vineland-domestic_RAW_SCORE,-0.2625380154131383,0.1493850614938506,15,0.756626846275946
676,Frontal_Inf_Tri_R,CBCL-oppo_def_prob_score,-0.26231867907268624,0.44175582441755823,15,0.8982752950862952
187,Frontal_Sup_Orb_L,CBCL-rule_break_behav_score,-0.26181884794906085,0.32936706329367066,15,0.8764340957208628
642,Frontal_Mid_L,CBCL-rule_break_behav_score,0.26181884794906085,0.04939506049395061,15,0.5828925304190892
733,Frontal_Mid_Orb_L,Vineland-receptive_RAW_SCORE,0.26145012977873927,0.6565343465653435,15,0.9604473199493008
841,Temporal_Mid_R,CBCL-anx_prob_score,0.2606178416849133,0.21777822217778223,15,0.8094681248055566
924,Frontal_Inf_Tri_L,CBCL-social_prob_score,0.26041698012005665,0.09099090090990901,15,0.6906856484162904
914,Frontal_Inf_Tri_L,CBCL-attention_prob_score,-0.2601660835884136,0.5307469253074693,15,0.9179353334703522
344,Precuneus_R,Vineland-expressive_RAW_SCORE,0.2597803664250946,0.28217178282171784,15,0.873983398120365
716,Frontal_Mid_Orb_L,CBCL-som_prob_score,-0.25941649671427414,0.1765823417658234,15,0.774501989053431
608,Parietal_Sup_R,CBCL-sluggish_cogn_tempo_score,0.2586995368824594,0.1755824417558244,15,0.774501989053431
509,Precentral_L,CBCL-total_problems_score,0.25811321740055737,0.1351864813518648,15,0.735464915046957
835,Cerebelum_4_5_R,Vineland-inter_pers_rel_RAW_SCORE,-0.2577322382742294,0.18438156184381563,15,0.7745623132211273
1211,Frontal_Inf_Oper_R,"VSA DAS_SA,matrices_ABILITY_SCORE",0.2570718554802461,0.5053494650534947,15,0.9093692173199133
35,Postcentral_L,CBCL-aggr_behav_score,0.2568790756589971,0.19418058194180582,15,0.7805523172611106
553,Parietal_Inf_L,Vineland-domestic_RAW_SCORE,-0.256638284729697,0.07679232076792321,15,0.6677593110254192
48,Postcentral_L,CBCL-sluggish_cogn_tempo_score,0.25554466448145374,0.19458054194580543,15,0.7805523172611106
1088,Cerebelum_7b_R,CBCL-attention_hyper_prob_score,-0.25531167047308,0.5077492250774922,15,0.9108948260103568
291,Thalamus_R,CBCL-oppo_def_prob_score,-0.25486644387175766,0.37376262373762625,15,0.8764340957208628
1095,Cerebelum_7b_R,CBCL-obsessive_comp_prob_score,0.25483632697183245,0.14038596140385962,15,0.7473016956859447
564,Parietal_Sup_L,CBCL-attention_prob_score,-0.2542532180523133,0.47095290470952905,15,0.8982752950862952
383,Occipital_Mid_L,Vineland-receptive_RAW_SCORE,0.2540645328923342,0.412958704129587,15,0.8982752950862952
575,Parietal_Sup_L,CBCL-som_comp_score,0.25361991751113844,0.134986501349865,15,0.735464915046957
672,Frontal_Inf_Tri_R,CBCL-depressive_prob_score,0.25341887117156675,0.1827817218278172,15,0.7745623132211273
80,Frontal_Sup_L,CBCL-obsessive_comp_prob_score,-0.2533011683756166,0.7389261073892611,15,0.986185043973161
460,Occipital_Sup_R,CBCL-conduct_prob_score,0.25314655863167257,0.44175582441755823,15,0.8982752950862952
504,Precentral_L,CBCL-social_prob_score,0.25289047780444807,0.14358564143585642,15,0.7554153675541536
258,Frontal_Sup_R,CBCL-sluggish_cogn_tempo_score,0.25238979208044815,0.18198180181981802,15,0.7745623132211273
108,Frontal_Sup_Medial_L,CBCL-attention_hyper_prob_score,-0.252308003761632,0.5803419658034197,15,0.9306744010593214
1026,Cerebelum_10_R,CBCL-oppo_def_prob_score,0.2518855497913862,0.19138086191380863,15,0.7745623132211273
1119,Cerebelum_7b_R,Vineland-written_RAW_SCORE,-0.2516556972689988,0.049595040495950406,15,0.5828925304190892
828,Cerebelum_4_5_R,"VSA DAS_SA,seq_qr_ABILITY_SCORE",-0.25115502893770786,0.0231976802319768,12,0.4602279498077589
58,Postcentral_L,"VSA DAS_SA,seq_qr_ABILITY_SCORE",-0.25115502893770786,0.23697630236976303,12,0.8441903901212932
413,Occipital_Mid_R,Vineland-domestic_RAW_SCORE,-0.2507385540462557,0.275972402759724,15,0.8700475243955426
1358,Occipital_Inf_R,Vineland-domestic_RAW_SCORE,-0.2507385540462557,0.29517048295170484,15,0.8754957837549578
1396,Frontal_Mid_Orb_R,Vineland-personal_RAW_SCORE,-0.24889570439054154,0.1463853614638536,15,0.7554153675541536
767,Postcentral_R,Vineland-play_leisure_RAW_SCORE,-0.2485250608738542,0.2111788821117888,15,0.8045432015938192
12,Frontal_Sup_Orb_R,CBCL-rule_break_behav_score,-0.24835387862596628,0.6559344065593441,15,0.9604473199493008
827,Cerebelum_4_5_R,"VSA DAS_SA,rd_ABILITY_SCORE",-0.24816508811702082,0.012798720127987202,12,0.41995800419958
427,Occipital_Sup_L,CBCL-depressive_prob_score,0.24731239234815555,0.16878312168783122,15,0.774501989053431
817,Cerebelum_4_5_R,CBCL-rule_break_behav_score,0.24685777092340022,0.09019098090190981,15,0.6906856484162904
379,Occipital_Mid_L,Vineland-expressive_RAW_SCORE,0.2464961431419932,0.49835016498350165,15,0.9027742387051617
558,Parietal_Inf_L,Vineland-receptive_RAW_SCORE,0.2452018166286481,0.7003299670032996,15,0.9679032096790321
748,Postcentral_R,CBCL-sluggish_cogn_tempo_score,0.24450261107793417,0.10178982101789821,15,0.6906856484162904
1140,Frontal_Med_Orb_L,"VSA DAS_SA,PC_ABILITY_SCORE",-0.2441176470588235,0.1065893410658934,15,0.6954143295347884
1374,Frontal_Mid_Orb_R,CBCL-internalizing_score,0.24351542432413598,0.13438656134386562,15,0.735464915046957
899,Temporal_Inf_R,"VSA DAS_SA,verbal_similarities_ABILITY_SCORE",0.24333308403325596,0.5621437856214379,12,0.9273042071529007
977,Cerebelum_8_R,Vineland-play_leisure_RAW_SCORE,0.24260779751971484,0.7827217278272173,15,0.986185043973161
736,Postcentral_R,CBCL-anx_prob_score,0.2425403035333586,0.11018898110188981,15,0.6999300069993002
1183,Frontal_Inf_Oper_L,Vineland-domestic_RAW_SCORE,-0.24188895802109375,0.1563843615638436,15,0.7655178538090246
1393,Frontal_Mid_Orb_R,Vineland-domestic_RAW_SCORE,-0.24188895802109375,0.144985501449855,15,0.7554153675541536
1299,Frontal_Mid_R,CBCL-attention_prob_score,-0.24094927059608762,0.48935106489351066,15,0.9027742387051617
114,Frontal_Sup_Medial_L,CBCL-internalizing_score,0.24054572402750019,0.13458654134586542,15,0.735464915046957
878,Temporal_Inf_R,CBCL-attention_hyper_prob_score,-0.24029333691583998,0.49195080491950804,15,0.9027742387051617
1291,Angular_R,Vineland-personal_RAW_SCORE,-0.24005917050685371,0.205979402059794,15,0.7995876312645743
67,Postcentral_L,Vineland-play_leisure_RAW_SCORE,-0.23964916584264512,0.2263773622637736,15,0.823190408231904
740,Postcentral_R,CBCL-conduct_prob_score,0.23950392972337883,0.12858714128587143,15,0.735464915046957
712,Frontal_Mid_Orb_L,CBCL-rule_break_behav_score,0.2393772324105699,0.513948605139486,15,0.9129213660912389
1013,Cerebelum_Crus2_R,Vineland-receptive_RAW_SCORE,0.23929333911952408,0.8017198280171983,15,0.9874622293868175
970,Cerebelum_8_R,"VSA DAS_SA,word_defn_ABILITY_SCORE",0.23883257361061283,0.6565343465653435,12,0.9604473199493008
1383,Frontal_Mid_Orb_R,CBCL-thought_prob_score,-0.23824402518551505,0.6199380061993801,15,0.9495768147474093
1265,Angular_R,CBCL-conduct_prob_score,0.23798808206690172,0.2715728427157284,15,0.8700475243955426
73,Frontal_Sup_L,CBCL-attention_hyper_prob_score,-0.237289670204392,0.8095190480951905,15,0.9874622293868175
656,Frontal_Mid_L,Vineland-community_RAW_SCORE,-0.23711365921229102,0.1131886811318868,15,0.7036464495143406
109,Frontal_Sup_Medial_L,CBCL-attention_prob_score,-0.23651462144401236,0.6123387661233877,15,0.9437914605904941
373,Occipital_Mid_L,"VSA DAS_SA,seq_qr_ABILITY_SCORE",-0.23620532483427287,0.28957104289571045,12,0.8754957837549578
696,Frontal_Inf_Tri_R,Vineland-personal_RAW_SCORE,-0.23564090356500975,0.412958704129587,15,0.8982752950862952
635,Frontal_Mid_L,CBCL-conduct_prob_score,0.2349563867539476,0.06319368063193681,15,0.6230362879205037
747,Postcentral_R,CBCL-rule_break_behav_score,0.23488890930287173,0.13018698130186981,15,0.735464915046957
782,CSF,CBCL-rule_break_behav_score,0.23488890930287173,0.3271672832716728,15,0.8764340957208628
185,Frontal_Sup_Orb_L,CBCL-obsessive_comp_prob_score,-0.2348792652210263,0.31416858314168583,15,0.8764340957208628
587,Parietal_Sup_L,Vineland-copy_skills_RAW_SCORE,-0.23416814791772844,0.0585941405859414,15,0.6188854798730654
543,Parietal_Inf_L,CBCL-thought_prob_score,-0.23374885489899588,0.700929907009299,15,0.9679032096790321
1204,Frontal_Inf_Oper_R,CBCL-social_prob_score,0.2333215717838658,0.13238676132386762,15,0.735464915046957
1350,Occipital_Inf_R,"VSA DAS_SA,PC_ABILITY_SCORE",-0.2323529411764706,0.5289471052894711,15,0.9179353334703522
686,Frontal_Inf_Tri_R,"VSA DAS_SA,matrices_ABILITY_SCORE",0.23181045927698493,0.7363263673632636,15,0.986185043973161
989,Cerebelum_Crus2_R,CBCL-internalizing_score,0.23163662313759276,0.09519048095190481,15,0.6906856484162904
244,Temporal_Pole_Mid_R,Vineland-written_RAW_SCORE,-0.2310523068493146,0.06879312068793121,15,0.6336208484414717
330,Precuneus_R,CBCL-som_comp_score,-0.2307024550854332,0.33096690330966905,15,0.8764340957208628
567,Parietal_Sup_L,CBCL-depressive_prob_score,0.23051957558377462,0.1765823417658234,15,0.774501989053431
246,Frontal_Sup_R,CBCL-anx_prob_score,0.2304886114323222,0.23477652234776522,15,0.8406320493270366
425,Occipital_Sup_L,CBCL-conduct_prob_score,0.23040884378451632,0.16898310168983102,15,0.774501989053431
29,Frontal_Sup_Orb_R,Vineland-expressive_RAW_SCORE,-0.23025987024042477,0.0887911208879112,15,0.6906856484162904
1107,Cerebelum_7b_R,"VSA DAS_SA,rd_ABILITY_SCORE",-0.23022544319289887,0.0015998400159984002,12,0.37329600373296007
94,Frontal_Sup_L,"VSA DAS_SA,verbal_similarities_ABILITY_SCORE",0.22997943917777242,0.8387161283871613,12,0.9900527653811346
766,Postcentral_R,Vineland-personal_RAW_SCORE,-0.2297498809758845,0.2635736426357364,15,0.8700475243955426
418,Occipital_Mid_R,Vineland-receptive_RAW_SCORE,0.228953503478557,0.43095690430956907,15,0.8982752950862952
467,Occipital_Sup_R,CBCL-rule_break_behav_score,0.2289044784926075,0.513948605139486,15,0.9129213660912389
538,Parietal_Inf_L,CBCL-sluggish_cogn_tempo_score,0.22872824907290615,0.09359064093590641,15,0.6906856484162904
433,Occipital_Sup_L,CBCL-sluggish_cogn_tempo_score,0.22872824907290615,0.18218178182181782,15,0.7745623132211273
1014,Cerebelum_Crus2_R,Vineland-written_RAW_SCORE,-0.22810896536078834,0.061993800619938005,15,0.6230362879205037
984,Cerebelum_Crus2_R,CBCL-attention_prob_score,-0.22764532313986188,0.801919808019198,15,0.9874622293868175
498,Precentral_L,CBCL-externalizing_score,0.22747638410127596,0.19158084191580843,15,0.7745623132211273
1175,Frontal_Inf_Oper_L,"VSA DAS_SA,PC_ABILITY_SCORE",0.22647058823529412,0.513948605139486,15,0.9129213660912389
1,Frontal_Sup_Orb_R,CBCL-anx_prob_score,-0.22596922689443352,0.6465353464653535,15,0.9570381212669038
1381,Frontal_Mid_Orb_R,CBCL-som_prob_score,-0.2259434003640452,0.6911308869113089,15,0.9679032096790321
513,Precentral_L,"VSA DAS_SA,seq_qr_ABILITY_SCORE",-0.22574053196186836,0.411958804119588,12,0.8982752950862952
115,Frontal_Sup_Medial_L,CBCL-obsessive_comp_prob_score,-0.2256683136437312,0.6937306269373062,15,0.9679032096790321
737,Postcentral_R,CBCL-anxious_score,0.2252185519769149,0.1331866813318668,15,0.735464915046957
742,Postcentral_R,CBCL-depressive_prob_score,0.2244130967603634,0.147985201479852,15,0.7554153675541536
272,Frontal_Sup_R,Vineland-copy_skills_RAW_SCORE,-0.22385885838675926,0.34096590340965904,15,0.8764340957208628
612,Parietal_Sup_R,CBCL-stress_prob_score,-0.22339838979786766,0.5711428857114289,15,0.930343747234472
225,Temporal_Pole_Mid_R,CBCL-som_comp_score,0.2230633009435314,0.1685831416858314,15,0.774501989053431
662,Frontal_Mid_L,Vineland-play_leisure_RAW_SCORE,-0.22189737578022697,0.13758624137586242,15,0.7380104901387257
613,Parietal_Sup_R,CBCL-thought_prob_score,-0.22176173413494482,0.56994300569943,15,0.930343747234472
1272,Angular_R,CBCL-rule_break_behav_score,0.2214239399797772,0.29717028297170284,15,0.8754957837549578
343,Precuneus_R,Vineland-domestic_RAW_SCORE,-0.22123990062904916,0.40575942405759424,15,0.8982752950862952
500,Precentral_L,CBCL-obsessive_comp_prob_score,-0.2210628378550836,0.6107389261073892,15,0.9437914605904941
61,Postcentral_L,Vineland-community_RAW_SCORE,-0.22091334709219665,0.20837916208379162,15,0.8014583157068909
1017,Cerebelum_10_R,CBCL-anxious_score,0.22059077351163583,0.24537546245375463,15,0.8515529865106398
1025,Cerebelum_10_R,CBCL-obsessive_comp_prob_score,0.2195276792588677,0.21197880211978803,15,0.8045432015938192
328,Precuneus_R,CBCL-sluggish_cogn_tempo_score,0.2192636318698893,0.40815918408159185,15,0.8982752950862952
522,Precentral_L,Vineland-play_leisure_RAW_SCORE,-0.21893874410315728,0.2545745425457454,15,0.8588056856964906
1292,Angular_R,Vineland-play_leisure_RAW_SCORE,-0.21893874410315728,0.2735726427357264,15,0.8700475243955426
1090,Cerebelum_7b_R,CBCL-conduct_prob_score,0.21828206253269972,0.1775822417758224,15,0.774501989053431
149,Frontal_Sup_Medial_R,CBCL-internalizing_score,0.21827297180273164,0.0999900009999,15,0.6906856484162904
348,Precuneus_R,Vineland-receptive_RAW_SCORE,0.2171365484603089,0.33456654334566543,15,0.8764340957208628
1162,Frontal_Inf_Oper_L,CBCL-depressive_prob_score,-0.2167799982310993,0.31016898310168983,15,0.8764340957208628
203,Frontal_Sup_Orb_L,Vineland-domestic_RAW_SCORE,-0.21534016994560784,0.47735226477352266,15,0.9027742387051617
1127,Frontal_Med_Orb_L,CBCL-depressive_prob_score,0.2152533785252465,0.3915608439156084,15,0.8966423619076
810,Cerebelum_4_5_R,CBCL-conduct_prob_score,0.21525036721974553,0.1207879212078792,15,0.7180871870971899
975,Cerebelum_8_R,Vineland-inter_pers_rel_RAW_SCORE,0.21502232450307138,0.8601139886011399,15,0.9906701637528555
1349,Occipital_Inf_R,CBCL-total_problems_score,0.21386523727474752,0.205979402059794,15,0.7995876312645743
164,Frontal_Sup_Medial_R,"VSA DAS_SA,verbal_similarities_ABILITY_SCORE",0.21365831768773694,0.8887111288871112,12,0.9906701637528555
31,Frontal_Sup_Orb_R,Vineland-personal_RAW_SCORE,-0.2135495688557901,0.10738926107389261,15,0.6954143295347884
384,Occipital_Mid_L,Vineland-written_RAW_SCORE,-0.21339225791815683,0.26477352264773524,15,0.8700475243955426
991,Cerebelum_Crus2_R,CBCL-oppo_def_prob_score,-0.21313392674655757,0.8527147285271472,15,0.9906701637528555
449,Occipital_Sup_L,Vineland-expressive_RAW_SCORE,0.21107154772038936,0.6141385861413858,15,0.9437914605904941
851,Temporal_Mid_R,CBCL-oppo_def_prob_score,-0.21015303266618615,0.4841515848415158,15,0.9027742387051617
417,Occipital_Mid_R,Vineland-play_leisure_RAW_SCORE,-0.21006284907194822,0.34596540345965404,15,0.8764340957208628
207,Frontal_Sup_Orb_L,Vineland-play_leisure_RAW_SCORE,-0.21006284907194822,0.4841515848415158,15,0.9027742387051617
743,Postcentral_R,CBCL-externalizing_score,0.20975095157390383,0.1725827417258274,15,0.774501989053431
308,Thalamus_R,Vineland-domestic_RAW_SCORE,-0.20944043926216654,0.36236376362363765,15,0.8764340957208628
350,Occipital_Mid_L,CBCL-aggr_behav_score,0.20936387091282424,0.5355464453554645,15,0.9187330960906358
1066,Frontal_Inf_Orb_R,CBCL-som_prob_score,-0.20920685218893076,0.678932106789321,15,0.9649796441675629
1223,Frontal_Inf_Oper_R,Vineland-receptive_RAW_SCORE,0.20827383219662282,0.23897610238976102,15,0.8462790084627901
699,Frontal_Inf_Tri_R,Vineland-written_RAW_SCORE,-0.20750557494110425,0.4981501849815019,15,0.9027742387051617
1293,Angular_R,Vineland-receptive_RAW_SCORE,0.2067967128193418,0.5831416858314169,15,0.9330266973302671
823,Cerebelum_4_5_R,CBCL-thought_prob_score,-0.20677783317988097,0.7975202479752025,15,0.9874622293868175
293,Thalamus_R,CBCL-sluggish_cogn_tempo_score,0.20664414226586691,0.3341665833416658,15,0.8764340957208628
439,Occipital_Sup_L,CBCL-total_problems_score,0.2064905739204459,0.21337866213378662,15,0.8045432015938192
1237,Angular_L,CBCL-rule_break_behav_score,0.20646286295411653,0.22357764223577642,15,0.8172550891124987
1015,Cerebelum_10_R,CBCL-aggr_behav_score,0.2063941706161884,0.2765723427657234,15,0.8700475243955426
1169,Frontal_Inf_Oper_L,CBCL-social_prob_score,0.20622616344767492,0.48995100489951005,15,0.9027742387051617
936,Frontal_Inf_Tri_L,Vineland-community_RAW_SCORE,-0.20618579061938355,0.14578542145785423,15,0.7554153675541536
515,Precentral_L,"VSA DAS_SA,word_defn_ABILITY_SCORE",-0.20599309473915356,0.3725627437256274,12,0.8764340957208628
424,Occipital_Sup_L,CBCL-attention_prob_score,-0.20547207737948572,0.6883311668833116,15,0.9679032096790321
1023,Cerebelum_10_R,CBCL-externalizing_score,0.20531959344206077,0.2655734426557344,15,0.8700475243955426
934,Frontal_Inf_Tri_L,"VSA DAS_SA,verbal_similarities_ABILITY_SCORE",-0.20475588778408121,0.293970602939706,12,0.8754957837549578
365,Occipital_Mid_L,CBCL-som_comp_score,0.2047293310029672,0.5411458854114588,15,0.922340855938737
1379,Frontal_Mid_Orb_R,CBCL-social_prob_score,0.2047208629845532,0.19038096190380963,15,0.7745623132211273
5,Frontal_Sup_Orb_R,CBCL-conduct_prob_score,-0.20463943362440595,0.7843215678432157,15,0.986185043973161
602,Parietal_Sup_R,CBCL-depressive_prob_score,0.2045670405842768,0.2455754424557544,15,0.8515529865106398
923,Frontal_Inf_Tri_L,CBCL-sluggish_cogn_tempo_score,0.20348926986486132,0.15978402159784022,15,0.77404024303452
421,Occipital_Sup_L,CBCL-anx_prob_score,0.20337230420499017,0.18998100189981001,15,0.7745623132211273
933,Frontal_Inf_Tri_L,"VSA DAS_SA,seq_qr_ABILITY_SCORE",-0.20331597580671587,0.28017198280171984,12,0.8735874742147167
1256,Angular_L,Vineland-personal_RAW_SCORE,-0.2032402793248209,0.21377862213778623,15,0.8045432015938192
190,Frontal_Sup_Orb_L,CBCL-som_comp_score,-0.20320150017458685,0.40535946405359463,15,0.8982752950862952
390,Occipital_Mid_R,CBCL-conduct_prob_score,0.20312358596792887,0.45735426457354267,15,0.8982752950862952
180,Frontal_Sup_Orb_L,CBCL-conduct_prob_score,-0.20312358596792887,0.43375662433756623,15,0.8982752950862952
968,Cerebelum_8_R,"VSA DAS_SA,seq_qr_ABILITY_SCORE",0.20182100539637238,0.5395460453954605,12,0.9222004628805412
65,Postcentral_L,Vineland-inter_pers_rel_RAW_SCORE,-0.20176752367753958,0.27717228277172284,15,0.8700475243955426
1123,Frontal_Med_Orb_L,CBCL-attention_hyper_prob_score,-0.201245669667016,0.43875612438756123,15,0.8982752950862952
1298,Frontal_Mid_R,CBCL-attention_hyper_prob_score,-0.201245669667016,0.5871412858714129,15,0.9350428593504286
527,Parietal_Inf_L,CBCL-anxious_score,0.20053706682875985,0.15258474152584742,15,0.7602086766412327
709,Frontal_Mid_Orb_L,CBCL-internalizing_score,0.2004547700229168,0.6401359864013598,15,0.9570381212669038
1042,Cerebelum_10_R,Vineland-copy_skills_RAW_SCORE,0.20029476803025828,0.8913108689131087,15,0.9906701637528555
720,Frontal_Mid_Orb_L,"VSA DAS_SA,PC_ABILITY_SCORE",0.19999999999999998,0.6455354464553544,15,0.9570381212669038
1226,Angular_L,CBCL-anx_prob_score,0.1988529196671015,0.28377162283771623,15,0.8749894241345096
1361,Occipital_Inf_R,Vineland-personal_RAW_SCORE,-0.19882201238297698,0.36596340365963403,15,0.8764340957208628
1332,Occipital_Inf_R,CBCL-anxious_score,0.19745188118524049,0.2465753424657534,15,0.8515529865106398
1217,Frontal_Inf_Oper_R,Vineland-copy_skills_RAW_SCORE,-0.19734925673569567,0.7497250274972502,15,0.986185043973161
1285,Angular_R,"VSA DAS_SA,word_defn_ABILITY_SCORE",-0.1970368732287556,0.17178282171782822,12,0.774501989053431
781,CSF,CBCL-oppo_def_prob_score,-0.19673900930451468,0.44075592440755923,15,0.8982752950862952
485,Occipital_Sup_R,Vineland-inter_pers_rel_RAW_SCORE,0.19587650108841437,0.7241275872412759,15,0.9803077663248169
765,Postcentral_R,Vineland-inter_pers_rel_RAW_SCORE,-0.19587650108841437,0.3097690230976902,15,0.8764340957208628
349,Precuneus_R,Vineland-written_RAW_SCORE,-0.19573220898699903,0.44275572442755723,15,0.8982752950862952
808,Cerebelum_4_5_R,CBCL-attention_hyper_prob_score,-0.19523833624412,0.8223177682231777,15,0.9884187245371434
228,Temporal_Pole_Mid_R,CBCL-thought_prob_score,-0.1947907124158299,0.6483351664833517,15,0.9570381212669038
588,Parietal_Sup_L,Vineland-domestic_RAW_SCORE,-0.19469111255356328,0.09459054094590541,15,0.6906856484162904
956,Cerebelum_8_R,CBCL-oppo_def_prob_score,-0.19375811522414324,0.8425157484251575,15,0.9906701637528555
974,Cerebelum_8_R,Vineland-expressive_RAW_SCORE,0.19335925000958745,0.9347065293470653,15,0.9967767438570776
1386,Frontal_Mid_Orb_R,"VSA DAS_SA,matrices_ABILITY_SCORE",0.19317538273082074,0.9633036696330367,15,1.0
660,Frontal_Mid_L,Vineland-inter_pers_rel_RAW_SCORE,-0.1929309897938517,0.18538146185381463,15,0.7745623132211273
551,Parietal_Inf_L,Vineland-community_RAW_SCORE,-0.1929309897938517,0.1307869213078692,15,0.735464915046957
552,Parietal_Inf_L,Vineland-copy_skills_RAW_SCORE,-0.1929309897938517,0.1361863813618638,15,0.735464915046957
454,Occipital_Sup_L,Vineland-written_RAW_SCORE,-0.19278886749847268,0.21697830216978303,15,0.8094681248055566
277,Frontal_Sup_R,Vineland-play_leisure_RAW_SCORE,-0.19231105900953005,0.42415758424157585,15,0.8982752950862952
99,Frontal_Sup_L,Vineland-expressive_RAW_SCORE,0.19188322520035397,0.7925207479252074,15,0.9874622293868175
1391,Frontal_Mid_Orb_R,Vineland-community_RAW_SCORE,-0.19145823414657043,0.252974702529747,15,0.857541364507617
775,CSF,CBCL-conduct_prob_score,0.19099680471611225,0.43895610438956106,15,0.8982752950862952
1382,Frontal_Mid_Orb_R,CBCL-stress_prob_score,-0.19063329262751372,0.7613238676132387,15,0.986185043973161
640,Frontal_Mid_L,CBCL-obsessive_comp_prob_score,-0.1903596659307664,0.9199080091990801,15,0.9944951450800866
314,Thalamus_R,Vineland-written_RAW_SCORE,-0.1898455260099464,0.42555744425557446,15,0.8982752950862952
423,Occipital_Sup_L,CBCL-attention_hyper_prob_score,-0.18923100282122401,0.7505249475052495,15,0.986185043973161
913,Frontal_Inf_Tri_L,CBCL-attention_hyper_prob_score,-0.18923100282122401,0.7313268673132687,15,0.9854260002296209
204,Frontal_Sup_Orb_L,Vineland-expressive_RAW_SCORE,-0.188931175581887,0.5525447455254474,15,0.9242086544033769
290,Thalamus_R,CBCL-obsessive_comp_prob_score,-0.18882450733455056,0.49435056494350565,15,0.9027742387051617
342,Precuneus_R,Vineland-copy_skills_RAW_SCORE,-0.18851272285200782,0.46395360463953605,15,0.8982752950862952
375,Occipital_Mid_L,"VSA DAS_SA,word_defn_ABILITY_SCORE",-0.18808065171835764,0.38196180381961803,12,0.886810158121833
935,Frontal_Inf_Tri_L,"VSA DAS_SA,word_defn_ABILITY_SCORE",-0.18808065171835764,0.3585641435856414,12,0.8764340957208628
713,Frontal_Mid_Orb_L,CBCL-sluggish_cogn_tempo_score,0.18771490785983333,0.6687331266873313,15,0.9631958614838106
803,CSF,Vineland-receptive_RAW_SCORE,0.1875941609146886,0.5389461053894611,15,0.9222004628805412
721,Frontal_Mid_Orb_L,"VSA DAS_SA,matrices_ABILITY_SCORE",0.18723152480064167,0.6935306469353064,15,0.9679032096790321
171,Frontal_Sup_Medial_R,Vineland-personal_RAW_SCORE,-0.1870399672047265,0.3481651834816518,15,0.8764340957208628
271,Frontal_Sup_R,Vineland-community_RAW_SCORE,-0.1870399672047265,0.41435856414358563,15,0.8982752950862952
653,Frontal_Mid_L,"VSA DAS_SA,seq_qr_ABILITY_SCORE",-0.1868713012929374,0.26137386261373863,12,0.8691767402832163
224,Temporal_Pole_Mid_R,CBCL-social_prob_score,0.1866572574270926,0.26777322267773224,15,0.8700475243955426
192,Frontal_Sup_Orb_L,CBCL-stress_prob_score,-0.18616532483155637,0.4497550244975502,15,0.8982752950862952
1008,Cerebelum_Crus2_R,Vineland-domestic_RAW_SCORE,-0.1858415165284013,0.10378962103789621,15,0.6906856484162904
1287,Angular_R,Vineland-copy_skills_RAW_SCORE,-0.1855672115574452,0.3103689631036896,15,0.8764340957208628
1116,Cerebelum_7b_R,Vineland-personal_RAW_SCORE,-0.1855672115574452,0.10218978102189781,15,0.6906856484162904
516,Precentral_L,Vineland-community_RAW_SCORE,-0.1855672115574452,0.2715728427157284,15,0.8700475243955426
1212,Frontal_Inf_Oper_R,"VSA DAS_SA,rd_ABILITY_SCORE",-0.18537633088259386,0.06159384061593841,12,0.6230362879205037
1353,Occipital_Inf_R,"VSA DAS_SA,seq_qr_ABILITY_SCORE",-0.18537633088259386,0.40075992400759924,12,0.8982752950862952
1243,Angular_L,CBCL-thought_prob_score,-0.1843019817472852,0.6315368463153684,15,0.9526280956403821
1059,Frontal_Inf_Orb_R,CBCL-internalizing_score,0.18412141839141988,0.2445755424457554,15,0.8515529865106398
831,Cerebelum_4_5_R,Vineland-community_RAW_SCORE,-0.18409445591016388,0.2957704229577042,15,0.8754957837549578
247,Frontal_Sup_R,CBCL-anxious_score,0.18356854578940326,0.3317668233176682,15,0.8764340957208628
32,Frontal_Sup_Orb_R,Vineland-play_leisure_RAW_SCORE,-0.18343516397832094,0.1357864213578642,15,0.735464915046957
903,Temporal_Inf_R,Vineland-domestic_RAW_SCORE,-0.1828916511866806,0.18698130186981302,15,0.7745623132211273
896,Temporal_Inf_R,"VSA DAS_SA,matrices_ABILITY_SCORE",0.18277363135300734,0.8873112688731127,15,0.9906701637528555
1252,Angular_L,Vineland-copy_skills_RAW_SCORE,-0.18262170026288255,0.278972102789721,15,0.8717878212178781
339,Precuneus_R,"VSA DAS_SA,verbal_similarities_ABILITY_SCORE",0.18249981302494195,0.9985001499850015,12,1.0
1003,Cerebelum_Crus2_R,"VSA DAS_SA,seq_qr_ABILITY_SCORE",0.18238639006190688,0.26917308269173085,12,0.8700475243955426
50,Postcentral_L,CBCL-som_comp_score,0.18181186857726192,0.28817118288171184,15,0.8754957837549578
1268,Angular_R,CBCL-externalizing_score,0.18168568340556457,0.3725627437256274,15,0.8764340957208628
134,Frontal_Sup_Medial_L,Vineland-expressive_RAW_SCORE,0.18155105153571952,0.7669233076692331,15,0.986185043973161
684,Frontal_Inf_Tri_R,CBCL-total_problems_score,0.1814167185158203,0.3311668833116688,15,0.8764340957208628
166,Frontal_Sup_Medial_R,Vineland-community_RAW_SCORE,-0.18114894461560124,0.36776322367763226,15,0.8764340957208628
1041,Cerebelum_10_R,Vineland-community_RAW_SCORE,0.18114894461560124,0.9379062093790621,15,0.9967767438570776
397,Occipital_Mid_R,CBCL-rule_break_behav_score,0.1810290320104935,0.5123487651234877,15,0.9129213660912389
432,Occipital_Sup_L,CBCL-rule_break_behav_score,0.1810290320104935,0.24877512248775122,15,0.8515529865106398
629,Parietal_Sup_R,Vineland-written_RAW_SCORE,-0.18101550154436752,0.29857014298570145,15,0.8754957837549578
859,Temporal_Mid_R,CBCL-total_problems_score,0.17994178584495996,0.391960803919608,15,0.8966423619076
1316,Frontal_Mid_R,"VSA DAS_SA,matrices_ABILITY_SCORE",0.1798017023879178,0.8341165883411659,15,0.9898334490875238
55,Postcentral_L,"VSA DAS_SA,PC_ABILITY_SCORE",-0.17941176470588235,0.5401459854014599,15,0.9222004628805412
128,Frontal_Sup_Medial_L,"VSA DAS_SA,seq_qr_ABILITY_SCORE",-0.1793964492412199,0.45735426457354267,12,0.8982752950862952
1131,Frontal_Med_Orb_L,CBCL-oppo_def_prob_score,-0.17885364482228608,0.48475152484751527,15,0.9027742387051617
1048,Cerebelum_10_R,Vineland-receptive_RAW_SCORE,0.17873144465100255,0.9819018098190181,15,1.0
1363,Occipital_Inf_R,Vineland-receptive_RAW_SCORE,0.17873144465100255,0.4667533246675332,15,0.8982752950862952
1174,Frontal_Inf_Oper_L,CBCL-total_problems_score,0.17846685317409966,0.5661433856614339,15,0.9288790747093515
1071,Frontal_Inf_Orb_R,"VSA DAS_SA,matrices_ABILITY_SCORE",0.178315737905373,0.7193280671932807,15,0.9767791407086256
13,Frontal_Sup_Orb_R,CBCL-sluggish_cogn_tempo_score,0.17825029065681652,0.21497850214978503,15,0.80622953747406
1388,Frontal_Mid_Orb_R,"VSA DAS_SA,seq_qr_ABILITY_SCORE",0.1779014788308764,0.38736126387361264,12,0.8919502786563449
1362,Occipital_Inf_R,Vineland-play_leisure_RAW_SCORE,-0.17751790062418157,0.44115588441155884,15,0.8982752950862952
1244,Angular_L,CBCL-total_problems_score,0.17699192050323934,0.3361663833616638,15,0.8764340957208628
798,CSF,Vineland-domestic_RAW_SCORE,-0.17699192050323934,0.397960203979602,15,0.8982752950862952
158,Frontal_Sup_Medial_R,CBCL-thought_prob_score,-0.17681003126975328,0.9835016498350165,15,1.0
691,Frontal_Inf_Tri_R,Vineland-community_RAW_SCORE,-0.1767306776737573,0.5231476852314768,15,0.9150645484764882
520,Precentral_L,Vineland-inter_pers_rel_RAW_SCORE,-0.1767306776737573,0.3341665833416658,15,0.8764340957208628
280,Thalamus_R,CBCL-aggr_behav_score,-0.1766971676498304,0.5937406259374063,15,0.9403132084981547
1189,Frontal_Inf_Oper_L,Vineland-written_RAW_SCORE,-0.17660048931157807,0.2745725427457254,15,0.8700475243955426
1317,Frontal_Mid_R,"VSA DAS_SA,rd_ABILITY_SCORE",-0.17640650842053288,0.011198880111988802,12,0.41995800419958
547,Parietal_Inf_L,"VSA DAS_SA,rd_ABILITY_SCORE",-0.17640650842053288,0.007599240075992401,12,0.41995800419958
212,Temporal_Pole_Mid_R,CBCL-anxious_score,0.1758555816806048,0.33196680331966805,15,0.8764340957208628
568,Parietal_Sup_L,CBCL-externalizing_score,0.17577720589644052,0.2853714628537146,15,0.8754957837549578
1206,Frontal_Inf_Oper_R,CBCL-som_prob_score,-0.17573375583870182,0.8661133886611339,15,0.9906701637528555
940,Frontal_Inf_Tri_L,Vineland-inter_pers_rel_RAW_SCORE,-0.17525792202647603,0.18318168183181682,15,0.7745623132211273
771,CSF,CBCL-anx_prob_score,0.17474953546502858,0.44635536446355367,15,0.8982752950862952
110,Frontal_Sup_Medial_L,CBCL-conduct_prob_score,0.17432248049486435,0.20837916208379162,15,0.8014583157068909
1333,Occipital_Inf_R,CBCL-attention_hyper_prob_score,-0.174212669263984,0.7989201079892011,15,0.9874622293868175
925,Frontal_Inf_Tri_L,CBCL-som_comp_score,0.17417271443536017,0.2101789821017898,15,0.8045432015938192
1113,Cerebelum_7b_R,Vineland-domestic_RAW_SCORE,-0.17404205516151866,0.1197880211978802,15,0.7180871870971899
368,Occipital_Mid_L,CBCL-thought_prob_score,0.17381325107874052,0.6465353464653535,15,0.9570381212669038
1006,Cerebelum_Crus2_R,Vineland-community_RAW_SCORE,-0.17378516637919467,0.1161883811618838,15,0.7072336244636406
874,Temporal_Mid_R,Vineland-written_RAW_SCORE,-0.17365714782305175,0.3575642435756424,15,0.8764340957208628
1055,Frontal_Inf_Orb_R,CBCL-conduct_prob_score,0.17280663283838726,0.3113688631136886,15,0.8764340957208628
727,Frontal_Mid_Orb_L,Vineland-copy_skills_RAW_SCORE,-0.1723124107319134,0.16098390160983903,15,0.7744929974356516
1399,Frontal_Mid_Orb_R,Vineland-written_RAW_SCORE,-0.17218547707878862,0.2323767623237676,15,0.835608746817626
1019,Cerebelum_10_R,CBCL-attention_prob_score,0.17147310054690895,0.32996700329967005,15,0.8764340957208628
1118,Cerebelum_7b_R,Vineland-receptive_RAW_SCORE,0.1713458477645975,0.9885011498850115,15,1.0
143,Frontal_Sup_Medial_R,CBCL-attention_hyper_prob_score,-0.17120900255253602,0.9773022697730227,15,1.0
104,Frontal_Sup_L,Vineland-written_RAW_SCORE,-0.17071380633452546,0.195980401959804,15,0.783921607839216
440,Occipital_Sup_L,"VSA DAS_SA,PC_ABILITY_SCORE",-0.17058823529411765,0.5901409859014098,15,0.9370491522276344
582,Parietal_Sup_L,"VSA DAS_SA,rd_ABILITY_SCORE",-0.1704266267791589,0.008399160083991601,12,0.41995800419958
1124,Frontal_Med_Orb_L,CBCL-attention_prob_score,-0.1699948841628839,0.49975002499750026,15,0.9027742387051617
562,Parietal_Sup_L,CBCL-anxious_score,0.16968521039356604,0.31116888311168883,15,0.8764340957208628
1392,Frontal_Mid_Orb_R,Vineland-copy_skills_RAW_SCORE,-0.16936689943735078,0.23277672232776722,15,0.835608746817626
268,Frontal_Sup_R,"VSA DAS_SA,seq_qr_ABILITY_SCORE",-0.1689316563688154,0.27817218278172184,12,0.8712327872358179
946,Cerebelum_8_R,CBCL-anx_prob_score,-0.16872368941451035,0.9541045895410459,15,1.0
28,Frontal_Sup_Orb_R,Vineland-domestic_RAW_SCORE,-0.16814232447807737,0.1713828617138286,15,0.774501989053431
1311,Frontal_Mid_R,CBCL-som_prob_score,-0.1673654817511446,0.7777222277772223,15,0.986185043973161
542,Parietal_Inf_L,CBCL-stress_prob_score,-0.16680413104907452,0.9079092090790921,15,0.9940310316794407
285,Thalamus_R,CBCL-conduct_prob_score,0.16674324221247894,0.44095590440955906,15,0.8982752950862952
847,Temporal_Mid_R,CBCL-depressive_prob_score,0.1664015479379565,0.40015998400159986,15,0.8982752950862952
88,Frontal_Sup_L,CBCL-thought_prob_score,-0.1663213006012086,0.9865013498650135,15,1.0
900,Temporal_Inf_R,"VSA DAS_SA,word_defn_ABILITY_SCORE",0.16569009794236264,0.2843715628437156,12,0.8749894241345096
242,Temporal_Pole_Mid_R,Vineland-play_leisure_RAW_SCORE,-0.16568337391590282,0.12038796120387961,15,0.7180871870971899
921,Frontal_Inf_Tri_L,CBCL-oppo_def_prob_score,-0.1654396214606146,0.9011098890110989,15,0.9932078276854168
484,Occipital_Sup_R,Vineland-expressive_RAW_SCORE,0.16531477863415114,0.7935206479352065,15,0.9874622293868175
23,Frontal_Sup_Orb_R,"VSA DAS_SA,seq_qr_ABILITY_SCORE",0.1644467451377849,0.8565143485651435,12,0.9906701637528555
943,Frontal_Inf_Tri_L,Vineland-receptive_RAW_SCORE,0.1639602508781924,0.9387061293870613,15,0.9967767438570776
333,Precuneus_R,CBCL-thought_prob_score,-0.16332452041019585,0.4323567643235676,15,0.8982752950862952
222,Temporal_Pole_Mid_R,CBCL-rule_break_behav_score,0.16307573957970076,0.3193680631936806,15,0.8764340957208628
334,Precuneus_R,CBCL-total_problems_score,0.16224259379463604,0.5951404859514049,15,0.9413231905155942
579,Parietal_Sup_L,CBCL-total_problems_score,0.16224259379463604,0.3281671832816718,15,0.8764340957208628
292,Thalamus_R,CBCL-rule_break_behav_score,0.16157963187713473,0.47095290470952905,15,0.8982752950862952
1227,Angular_L,CBCL-anxious_score,0.16042965346300792,0.3531646835316468,15,0.8764340957208628
702,Frontal_Mid_Orb_L,CBCL-anxious_score,0.16042965346300792,0.7063293670632936,15,0.9703139275113584
137,Frontal_Sup_Medial_L,Vineland-play_leisure_RAW_SCORE,-0.15976611056176343,0.2745725427457254,15,0.8700475243955426
1258,Angular_L,Vineland-receptive_RAW_SCORE,0.1595288927463494,0.7219278072192781,15,0.9793594283982454
519,Precentral_L,Vineland-expressive_RAW_SCORE,0.15941067939721715,0.7459254074592541,15,0.986185043973161
448,Occipital_Sup_L,Vineland-domestic_RAW_SCORE,-0.1592927284529154,0.30296970302969706,15,0.8764340957208628
611,Parietal_Sup_R,CBCL-som_prob_score,-0.15899720766358735,0.7639236076392361,15,0.986185043973161
139,Frontal_Sup_Medial_L,Vineland-written_RAW_SCORE,-0.15894044038042027,0.23637636236376364,15,0.8441903901212932
880,Temporal_Inf_R,CBCL-conduct_prob_score,0.15764815627361645,0.35056494350564943,15,0.8764340957208628
626,Parietal_Sup_R,Vineland-personal_RAW_SCORE,-0.15758485425910027,0.33356664333566644,15,0.8764340957208628
1086,Cerebelum_7b_R,CBCL-anx_prob_score,0.1566719973134739,0.3213678632136786,15,0.8764340957208628
1323,Frontal_Mid_R,Vineland-domestic_RAW_SCORE,-0.15634286311119475,0.2999700029997,15,0.8754957837549578
670,Frontal_Inf_Tri_R,CBCL-conduct_prob_score,0.15613230861713936,0.39876012398760124,15,0.8982752950862952
240,Temporal_Pole_Mid_R,Vineland-inter_pers_rel_RAW_SCORE,-0.15611209861181896,0.134986501349865,15,0.735464915046957
26,Frontal_Sup_Orb_R,Vineland-community_RAW_SCORE,-0.15611209861181896,0.1827817218278172,15,0.7745623132211273
735,Postcentral_R,CBCL-aggr_behav_score,0.15590926557337972,0.2525747425257474,15,0.857541364507617
195,Frontal_Sup_Orb_L,"VSA DAS_SA,PC_ABILITY_SCORE",0.15588235294117647,0.962903709629037,15,1.0
1105,Cerebelum_7b_R,"VSA DAS_SA,PC_ABILITY_SCORE",-0.15588235294117647,0.35796420357964204,15,0.8764340957208628
578,Parietal_Sup_L,CBCL-thought_prob_score,-0.15583256993266395,0.8149185081491851,15,0.9877800098778001
1073,Frontal_Inf_Orb_R,"VSA DAS_SA,seq_qr_ABILITY_SCORE",0.1554769226757239,0.8681131886811319,12,0.9906701637528555
211,Temporal_Pole_Mid_R,CBCL-anx_prob_score,0.15516553580084433,0.3561643835616438,15,0.8764340957208628
535,Parietal_Inf_L,CBCL-obsessive_comp_prob_score,-0.1550510182178017,0.9787021297870213,15,1.0
309,Thalamus_R,Vineland-expressive_RAW_SCORE,0.15498260496951666,0.6117388261173883,15,0.9437914605904941
729,Frontal_Mid_Orb_L,Vineland-expressive_RAW_SCORE,0.15498260496951666,0.9801019898010199,15,1.0
649,Frontal_Mid_L,CBCL-total_problems_score,0.1548679304403344,0.1551844815518448,15,0.7642744497480077
1357,Occipital_Inf_R,Vineland-copy_skills_RAW_SCORE,-0.15463934296453766,0.48195180481951805,15,0.9027742387051617
1230,Angular_L,CBCL-conduct_prob_score,0.15461646096066228,0.3377662233776622,15,0.8764340957208628
565,Parietal_Sup_L,CBCL-conduct_prob_score,0.15461646096066228,0.3177682231776822,15,0.8764340957208628
490,Precentral_L,CBCL-aggr_behav_score,0.15442441542506186,0.31856814318568144,15,0.8764340957208628
572,Parietal_Sup_L,CBCL-rule_break_behav_score,0.15409909336430438,0.3451654834516548,15,0.8764340957208628
898,Temporal_Inf_R,"VSA DAS_SA,seq_qr_ABILITY_SCORE",0.15398195226538042,0.29917008299170084,12,0.8754957837549578
172,Frontal_Sup_Medial_R,Vineland-play_leisure_RAW_SCORE,-0.15384884720762404,0.41915808419158085,15,0.8982752950862952
526,Parietal_Inf_L,CBCL-anx_prob_score,0.15365907428821476,0.22037796220377961,15,0.8162146748288134
1228,Angular_L,CBCL-attention_hyper_prob_score,-0.153187002283848,0.7563243675632437,15,0.986185043973161
1286,Angular_R,Vineland-community_RAW_SCORE,-0.15316658731725635,0.39336066393360664,15,0.8982752950862952
153,Frontal_Sup_Medial_R,CBCL-sluggish_cogn_tempo_score,0.1530113114487717,0.15358464153584642,15,0.7624769437949821
918,Frontal_Inf_Tri_L,CBCL-externalizing_score,0.15214329585994432,0.260973902609739,15,0.8691767402832163
189,Frontal_Sup_Orb_L,CBCL-social_prob_score,0.1520353467752932,0.5415458454154585,15,0.922340855938737
1165,Frontal_Inf_Oper_L,CBCL-obsessive_comp_prob_score,-0.15198070102536998,0.46095390460953906,15,0.8982752950862952
1354,Occipital_Inf_R,"VSA DAS_SA,verbal_similarities_ABILITY_SCORE",-0.151341308362147,0.5283471652834717,12,0.9179353334703522
1138,Frontal_Med_Orb_L,CBCL-thought_prob_score,-0.1513373996461448,0.5747425257474252,15,0.930343747234472
998,Cerebelum_Crus2_R,CBCL-thought_prob_score,-0.1513373996461448,0.9137086291370863,15,0.9940310316794407
809,Cerebelum_4_5_R,CBCL-attention_prob_score,-0.1507780711705579,0.962903709629037,15,1.0
1254,Angular_L,Vineland-expressive_RAW_SCORE,0.1505545305418162,0.8667133286671332,15,0.9906701637528555
411,Occipital_Mid_R,Vineland-community_RAW_SCORE,-0.15022107602269372,0.5353464653534646,15,0.9187330960906358
556,Parietal_Inf_L,Vineland-personal_RAW_SCORE,-0.15022107602269372,0.1907809219078092,15,0.7745623132211273
1280,Angular_R,"VSA DAS_SA,PC_ABILITY_SCORE",-0.15,0.5571442855714429,15,0.9254998670749038
930,Frontal_Inf_Tri_L,"VSA DAS_SA,PC_ABILITY_SCORE",-0.15,0.5291470852914708,15,0.9179353334703522
1070,Frontal_Inf_Orb_R,"VSA DAS_SA,PC_ABILITY_SCORE",0.15,0.8343165683431657,15,0.9898334490875238
580,Parietal_Sup_L,"VSA DAS_SA,PC_ABILITY_SCORE",-0.15,0.6235376462353764,15,0.9519658721150785
327,Precuneus_R,CBCL-rule_break_behav_score,0.1496107702566062,0.5957404259574043,15,0.9413231905155942
882,Temporal_Inf_R,CBCL-depressive_prob_score,0.14960873117357557,0.42715728427157285,15,0.8982752950862952
596,Parietal_Sup_R,CBCL-anx_prob_score,0.1491396897503261,0.34536546345365465,15,0.8764340957208628
42,Postcentral_L,CBCL-depressive_prob_score,0.1480821114677228,0.33456654334566543,15,0.8764340957208628
443,Occipital_Sup_L,"VSA DAS_SA,seq_qr_ABILITY_SCORE",-0.14800207062400642,0.21077892210778923,12,0.8045432015938192
879,Temporal_Inf_R,CBCL-attention_prob_score,-0.14782163840250773,0.7423257674232576,15,0.986185043973161
463,Occipital_Sup_R,CBCL-externalizing_score,0.1477119377281013,0.7505249475052495,15,0.986185043973161
1163,Frontal_Inf_Oper_L,CBCL-externalizing_score,0.1477119377281013,0.6767323267673233,15,0.9649796441675629
360,Occipital_Mid_L,CBCL-obsessive_comp_prob_score,0.1473752252367224,0.6963303669633036,15,0.9679032096790321
255,Frontal_Sup_R,CBCL-obsessive_comp_prob_score,-0.1473752252367224,0.7545245475452454,15,0.986185043973161
1235,Angular_L,CBCL-obsessive_comp_prob_score,-0.1473752252367224,0.7723227677232277,15,0.986185043973161
755,Postcentral_R,"VSA DAS_SA,PC_ABILITY_SCORE",-0.14705882352941177,0.5773422657734226,15,0.930343747234472
304,Thalamus_R,"VSA DAS_SA,verbal_similarities_ABILITY_SCORE",0.14689009341031914,0.9339066093390661,12,0.9967767438570776
123,Frontal_Sup_Medial_L,CBCL-thought_prob_score,-0.14684222935962563,0.9001099890010998,15,0.9932078276854168
1170,Frontal_Inf_Oper_L,CBCL-som_comp_score,0.1466717595245138,0.6687331266873313,15,0.9631958614838106
637,Frontal_Mid_L,CBCL-depressive_prob_score,-0.14655549176186997,0.9523047695230477,15,1.0
492,Precentral_L,CBCL-anxious_score,0.14654631806717067,0.3297670232976702,15,0.8764340957208628
768,Postcentral_R,Vineland-receptive_RAW_SCORE,0.14623481835082028,0.7553244675532447,15,0.986185043973161
1188,Frontal_Inf_Oper_L,Vineland-receptive_RAW_SCORE,0.14623481835082028,0.8579142085791421,15,0.9906701637528555
886,Temporal_Inf_R,CBCL-oppo_def_prob_score,-0.14606380993820028,0.7257274272572742,15,0.980712739536857
1029,Cerebelum_10_R,CBCL-social_prob_score,0.14601414492280634,0.37276272372762725,15,0.8764340957208628
1106,Cerebelum_7b_R,"VSA DAS_SA,matrices_ABILITY_SCORE",-0.14562451928938797,0.40335966403359663,15,0.8982752950862952
826,Cerebelum_4_5_R,"VSA DAS_SA,matrices_ABILITY_SCORE",0.14562451928938797,0.9527047295270473,15,1.0
1295,Frontal_Mid_R,CBCL-aggr_behav_score,-0.14551531453515443,0.7113288671132887,15,0.9723905658214668
117,Frontal_Sup_Medial_L,CBCL-rule_break_behav_score,0.14512244714890804,0.26977302269773024,15,0.8700475243955426
1327,Frontal_Mid_R,Vineland-play_leisure_RAW_SCORE,-0.14497295217641495,0.32896710328967105,15,0.8764340957208628
1078,Frontal_Inf_Orb_R,Vineland-domestic_RAW_SCORE,-0.1445434017443121,0.1471852814718528,15,0.7554153675541536
378,Occipital_Mid_L,Vineland-domestic_RAW_SCORE,-0.1445434017443121,0.43515648435156484,15,0.8982752950862952
937,Frontal_Inf_Tri_L,Vineland-copy_skills_RAW_SCORE,-0.14433005343356847,0.22817718228177183,15,0.8254471710451694
465,Occipital_Sup_R,CBCL-obsessive_comp_prob_score,0.14430490804429066,0.791920807919208,15,0.9874622293868175
560,Parietal_Sup_L,CBCL-aggr_behav_score,0.14403046438683653,0.3621637836216378,15,0.8764340957208628
758,Postcentral_R,"VSA DAS_SA,seq_qr_ABILITY_SCORE",-0.1435171593929759,0.3073692630736926,12,0.8764340957208628
74,Frontal_Sup_L,CBCL-attention_prob_score,-0.1433869892504325,0.9273072692730727,15,0.9963393530178832
1101,Cerebelum_7b_R,CBCL-som_prob_score,0.1422606594884729,0.3251674832516748,15,0.8764340957208628
681,Frontal_Inf_Tri_R,CBCL-som_prob_score,-0.1422606594884729,0.8681131886811319,15,0.9906701637528555
452,Occipital_Sup_L,Vineland-play_leisure_RAW_SCORE,-0.14201432049934526,0.3641635836416358,15,0.8764340957208628
842,Temporal_Mid_R,CBCL-anxious_score,0.1419185396018916,0.48075192480751927,15,0.9027742387051617
634,Frontal_Mid_L,CBCL-attention_prob_score,-0.14190877286640743,0.9323067693230677,15,0.9967767438570776
1209,Frontal_Inf_Oper_R,CBCL-total_problems_score,0.14159353640259145,0.270972902709729,15,0.8700475243955426
326,Precuneus_R,CBCL-oppo_def_prob_score,-0.14159246881764315,0.5513448655134486,15,0.9242086544033769
170,Frontal_Sup_Medial_R,Vineland-inter_pers_rel_RAW_SCORE,-0.14138454213900586,0.43575642435756423,15,0.8982752950862952
633,Frontal_Mid_L,CBCL-attention_hyper_prob_score,-0.141172335438056,0.8865113488651135,15,0.9906701637528555
1141,Frontal_Med_Orb_L,"VSA DAS_SA,matrices_ABILITY_SCORE",-0.14116662584175363,0.23017698230176983,15,0.8305355031507159
22,Frontal_Sup_Orb_R,"VSA DAS_SA,rd_ABILITY_SCORE",-0.14052721857228892,0.023797620237976203,12,0.4602279498077589
177,Frontal_Sup_Orb_L,CBCL-anxious_score,-0.1403759467801319,0.555944405559444,15,0.9254722565793361
1390,Frontal_Mid_Orb_R,"VSA DAS_SA,word_defn_ABILITY_SCORE",0.14031413699623504,0.31116888311168883,12,0.8764340957208628
594,Parietal_Sup_L,Vineland-written_RAW_SCORE,-0.1398087207049993,0.15258474152584742,15,0.7602086766412327
477,Occipital_Sup_R,"VSA DAS_SA,rd_ABILITY_SCORE",-0.13903224816194543,0.0375962403759624,12,0.5370891482280343
723,Frontal_Mid_Orb_L,"VSA DAS_SA,seq_qr_ABILITY_SCORE",0.13903224816194543,0.9211078892110789,12,0.9949043646136544
253,Frontal_Sup_R,CBCL-externalizing_score,0.1388492214644152,0.4403559644035596,15,0.8982752950862952
218,Temporal_Pole_Mid_R,CBCL-externalizing_score,0.1388492214644152,0.3531646835316468,15,0.8764340957208628
1104,Cerebelum_7b_R,CBCL-total_problems_score,0.1386436710608708,0.3381661833816618,15,0.8764340957208628
644,Frontal_Mid_L,CBCL-social_prob_score,0.13848764260719776,0.19758024197580243,15,0.7858305078583051
370,Occipital_Mid_L,"VSA DAS_SA,PC_ABILITY_SCORE",-0.13823529411764704,0.7005299470052995,15,0.9679032096790321
21,Frontal_Sup_Orb_R,"VSA DAS_SA,matrices_ABILITY_SCORE",-0.13819469687666408,0.16678332166783322,15,0.774501989053431
687,Frontal_Inf_Tri_R,"VSA DAS_SA,rd_ABILITY_SCORE",-0.1375372777516019,0.0327967203279672,12,0.5093107710505544
1135,Frontal_Med_Orb_L,CBCL-som_comp_score,0.1375047745542317,0.49935006499350065,15,0.9027742387051617
789,CSF,CBCL-total_problems_score,0.13716873839001048,0.5803419658034197,15,0.9306744010593214
929,Frontal_Inf_Tri_L,CBCL-total_problems_score,0.13716873839001048,0.28177182281771823,15,0.873983398120365
536,Parietal_Inf_L,CBCL-oppo_def_prob_score,-0.13712112769708598,0.9805019498050195,15,1.0
1329,Frontal_Mid_R,Vineland-written_RAW_SCORE,-0.13686537921647302,0.3621637836216378,15,0.8764340957208628
605,Parietal_Sup_R,CBCL-obsessive_comp_prob_score,-0.1366291150632114,0.8523147685231477,15,0.9906701637528555
1389,Frontal_Mid_Orb_R,"VSA DAS_SA,verbal_similarities_ABILITY_SCORE",0.13650392518938748,0.3755624437556244,12,0.8777753276425279
1004,Cerebelum_Crus2_R,"VSA DAS_SA,verbal_similarities_ABILITY_SCORE",0.13650392518938748,0.21537846215378462,12,0.80622953747406
130,Frontal_Sup_Medial_L,"VSA DAS_SA,word_defn_ABILITY_SCORE",-0.13583602624103605,0.6743325667433256,12,0.9649796441675629
317,Precuneus_R,CBCL-anxious_score,0.13574816831485284,0.628937106289371,15,0.9525101543899666
83,Frontal_Sup_L,CBCL-sluggish_cogn_tempo_score,0.13565951324324088,0.18238176182381763,15,0.7745623132211273
997,Cerebelum_Crus2_R,CBCL-stress_prob_score,-0.13552835647737302,0.8777122287771223,15,0.9906701637528555
906,Temporal_Inf_R,Vineland-personal_RAW_SCORE,-0.13549351954988062,0.25837416258374163,15,0.8673773770948264
692,Frontal_Inf_Tri_R,Vineland-copy_skills_RAW_SCORE,-0.13549351954988062,0.6413358664133587,15,0.9570381212669038
241,Temporal_Pole_Mid_R,Vineland-personal_RAW_SCORE,-0.13549351954988062,0.15958404159584041,15,0.77404024303452
1263,Angular_R,CBCL-attention_hyper_prob_score,-0.13516500201516002,0.7075292470752925,15,0.9703139275113584
1284,Angular_R,"VSA DAS_SA,verbal_similarities_ABILITY_SCORE",-0.13502018687211154,0.36176382361763826,12,0.8764340957208628
845,Temporal_Mid_R,CBCL-conduct_prob_score,0.13491044142646022,0.5211478852114788,15,0.9150645484764882
960,Cerebelum_8_R,CBCL-som_comp_score,0.134449112897471,0.2755724427557244,15,0.8700475243955426
655,Frontal_Mid_L,"VSA DAS_SA,word_defn_ABILITY_SCORE",-0.13434332265596974,0.37436256374362564,12,0.8764340957208628
235,Temporal_Pole_Mid_R,"VSA DAS_SA,word_defn_ABILITY_SCORE",-0.13434332265596974,0.3297670232976702,12,0.8764340957208628
1111,Cerebelum_7b_R,Vineland-community_RAW_SCORE,-0.1340207639025993,0.1665833416658334,15,0.774501989053431
868,Temporal_Mid_R,Vineland-domestic_RAW_SCORE,-0.1327439403774295,0.47395260473952605,15,0.9015402807545333
46,Postcentral_L,CBCL-oppo_def_prob_score,0.13264978657652884,0.40015998400159986,15,0.8982752950862952
335,Precuneus_R,"VSA DAS_SA,PC_ABILITY_SCORE",0.1323529411764706,0.9299070092990701,15,0.9967767438570776
374,Occipital_Mid_L,"VSA DAS_SA,verbal_similarities_ABILITY_SCORE",-0.13205271023755963,0.551944805519448,12,0.9242086544033769
894,Temporal_Inf_R,CBCL-total_problems_score,0.13126900770656916,0.44655534446555345,15,0.8982752950862952
597,Parietal_Sup_R,CBCL-anxious_score,0.13112038984957375,0.38636136386361364,15,0.8911135245618766
780,CSF,CBCL-obsessive_comp_prob_score,-0.13048848067834795,0.6477352264773523,15,0.9570381212669038
802,CSF,Vineland-play_leisure_RAW_SCORE,-0.13017979379106648,0.45655434456554345,15,0.8982752950862952
951,Cerebelum_8_R,CBCL-depressed_score,0.13010518136869453,0.24477552244775522,15,0.8515529865106398
494,Precentral_L,CBCL-attention_prob_score,-0.1300830417942068,0.8877112288771123,15,0.9906701637528555
1022,Cerebelum_10_R,CBCL-depressive_prob_score,0.12976267499748903,0.4343565643435656,15,0.8982752950862952
591,Parietal_Sup_L,Vineland-personal_RAW_SCORE,-0.12960249696075538,0.17738226177382263,15,0.774501989053431
1087,Cerebelum_7b_R,CBCL-anxious_score,0.12957779702781405,0.37396260373962603,15,0.8764340957208628
1199,Frontal_Inf_Oper_R,CBCL-internalizing_score,0.1291819629036575,0.32896710328967105,15,0.8764340957208628
949,Cerebelum_8_R,CBCL-attention_prob_score,-0.12860482541018173,0.9965003499650035,15,1.0
1283,Angular_R,"VSA DAS_SA,seq_qr_ABILITY_SCORE",-0.12856745528954094,0.37436256374362564,12,0.8764340957208628
1260,Angular_R,CBCL-aggr_behav_score,0.1276971127553396,0.4951504849515049,15,0.9027742387051617
1039,Cerebelum_10_R,"VSA DAS_SA,verbal_similarities_ABILITY_SCORE",0.12760149528573178,0.9807019298070193,12,1.0
1300,Frontal_Mid_R,CBCL-conduct_prob_score,0.1273312031440748,0.46815318468153183,15,0.8982752950862952
1257,Angular_L,Vineland-play_leisure_RAW_SCORE,-0.1272211621139968,0.40235976402359763,15,0.8982752950862952
312,Thalamus_R,Vineland-play_leisure_RAW_SCORE,-0.1272211621139968,0.5505449455054494,15,0.9242086544033769
1097,Cerebelum_7b_R,CBCL-rule_break_behav_score,0.12716915471811527,0.36496350364963503,15,0.8764340957208628
1264,Angular_R,CBCL-attention_prob_score,-0.12712660902615666,0.7463253674632536,15,0.986185043973161
638,Frontal_Mid_L,CBCL-externalizing_score,0.1270322664461671,0.18498150184981502,15,0.7745623132211273
1275,Angular_R,CBCL-som_comp_score,0.12680995875556922,0.4707529247075293,15,0.8982752950862952
1246,Angular_L,"VSA DAS_SA,matrices_ABILITY_SCORE",0.12630698101630589,0.8845115488451155,15,0.9906701637528555
950,Cerebelum_8_R,CBCL-conduct_prob_score,0.12581535548759773,0.22357764223577642,15,0.8172550891124987
162,Frontal_Sup_Medial_R,"VSA DAS_SA,rd_ABILITY_SCORE",-0.12557751446885393,0.10438956104389562,12,0.6906856484162904
366,Occipital_Mid_L,CBCL-som_prob_score,0.12552411131335844,0.8671132886711329,15,0.9906701637528555
926,Frontal_Inf_Tri_L,CBCL-som_prob_score,-0.12552411131335844,1.0,15,1.0
1171,Frontal_Inf_Oper_L,CBCL-som_prob_score,0.12552411131335844,0.7725227477252274,15,0.986185043973161
412,Occipital_Mid_R,Vineland-copy_skills_RAW_SCORE,-0.12518423001891144,0.547945205479452,15,0.9242086544033769
66,Postcentral_L,Vineland-personal_RAW_SCORE,-0.12518423001891144,0.42315768423157685,15,0.8982752950862952
491,Precentral_L,CBCL-anx_prob_score,0.12503630554825318,0.37036296370362964,15,0.8764340957208628
864,Temporal_Mid_R,"VSA DAS_SA,verbal_similarities_ABILITY_SCORE",0.12463401865117987,0.6105389461053895,12,0.9437914605904941
75,Frontal_Sup_L,CBCL-conduct_prob_score,0.12429950783112066,0.19038096190380963,15,0.7745623132211273
382,Occipital_Mid_L,Vineland-play_leisure_RAW_SCORE,-0.1242625304369271,0.48175182481751827,15,0.9027742387051617
1027,Cerebelum_10_R,CBCL-rule_break_behav_score,0.12417693931298314,0.4293570642935706,15,0.8982752950862952
645,Frontal_Mid_L,CBCL-som_comp_score,0.12375429709880853,0.21797820217978203,15,0.8094681248055566
816,Cerebelum_4_5_R,CBCL-oppo_def_prob_score,-0.12370710433541453,0.9167083291670833,15,0.9944951450800866
952,Cerebelum_8_R,CBCL-depressive_prob_score,-0.12365619617407778,0.9521047895210479,15,1.0
77,Frontal_Sup_L,CBCL-depressive_prob_score,-0.12365619617407778,0.8823117688231177,15,0.9906701637528555
577,Parietal_Sup_L,CBCL-stress_prob_score,-0.12361377568815342,0.9253074692530747,15,0.9957190291731781
227,Temporal_Pole_Mid_R,CBCL-stress_prob_score,-0.12361377568815342,0.8899110088991101,15,0.9906701637528555
472,Occipital_Sup_R,CBCL-stress_prob_score,0.12361377568815342,0.8005199480051994,15,0.9874622293868175
666,Frontal_Inf_Tri_R,CBCL-anx_prob_score,0.12352984403562366,0.43015698430156984,15,0.8982752950862952
966,Cerebelum_8_R,"VSA DAS_SA,matrices_ABILITY_SCORE",0.12333505205121632,0.8341165883411659,15,0.9898334490875238
1340,Occipital_Inf_R,CBCL-obsessive_comp_prob_score,-0.12281268769726865,0.8969103089691031,15,0.9932078276854168
1079,Frontal_Inf_Orb_R,Vineland-expressive_RAW_SCORE,0.12251005916637983,0.8229177082291771,15,0.9884187245371434
770,CSF,CBCL-aggr_behav_score,-0.12175771216206799,0.6391360863913609,15,0.9570381212669038
59,Postcentral_L,"VSA DAS_SA,verbal_similarities_ABILITY_SCORE",-0.12166654201662798,0.48055194480551944,12,0.9027742387051617
1222,Frontal_Inf_Oper_R,Vineland-play_leisure_RAW_SCORE,-0.12130389875985742,0.8899110088991101,15,0.9906701637528555
697,Frontal_Inf_Tri_R,Vineland-play_leisure_RAW_SCORE,-0.12130389875985742,0.7131286871312869,15,0.9726778052477129
618,Parietal_Sup_R,"VSA DAS_SA,seq_qr_ABILITY_SCORE",0.12109260323782342,0.6251374862513749,12,0.9524508004237496
548,Parietal_Inf_L,"VSA DAS_SA,seq_qr_ABILITY_SCORE",0.12109260323782342,0.44815518448155184,12,0.8982752950862952
941,Frontal_Inf_Tri_L,Vineland-personal_RAW_SCORE,-0.12076596307706751,0.27577242275772423,15,0.8700475243955426
476,Occipital_Sup_R,"VSA DAS_SA,matrices_ABILITY_SCORE",0.12036312308612677,0.6253374662533746,15,0.9524508004237496
537,Parietal_Inf_L,CBCL-rule_break_behav_score,0.11968861620528495,0.2521747825217478,15,0.857541364507617
904,Temporal_Inf_R,Vineland-expressive_RAW_SCORE,0.11955800954791286,0.9995000499950005,15,1.0
151,Frontal_Sup_Medial_R,CBCL-oppo_def_prob_score,-0.11923576321485738,0.8281171882811719,15,0.9896629384680579
470,Occipital_Sup_R,CBCL-som_comp_score,0.11917080461366747,0.8349165083491651,15,0.9898334490875238
616,Parietal_Sup_R,"VSA DAS_SA,matrices_ABILITY_SCORE",-0.118877158603582,0.5429457054294571,15,0.923059209230592
623,Parietal_Sup_R,Vineland-domestic_RAW_SCORE,-0.11799461366882621,0.38616138386161386,15,0.8911135245618766
821,Cerebelum_4_5_R,CBCL-som_prob_score,-0.11715583722580122,0.9391060893910609,15,0.9967767438570776
541,Parietal_Inf_L,CBCL-som_prob_score,-0.11715583722580122,0.9603039696030397,15,1.0
239,Temporal_Pole_Mid_R,Vineland-expressive_RAW_SCORE,-0.11660595992944589,0.19118088191180882,15,0.7745623132211273
620,Parietal_Sup_R,"VSA DAS_SA,word_defn_ABILITY_SCORE",-0.11643087963517376,0.06319368063193681,12,0.6230362879205037
976,Cerebelum_8_R,Vineland-personal_RAW_SCORE,0.11634769613522357,0.7921207879212079,15,0.9874622293868175
701,Frontal_Mid_Orb_L,CBCL-anx_prob_score,0.11599753647247586,0.8601139886011399,15,0.9906701637528555
1064,Frontal_Inf_Orb_R,CBCL-social_prob_score,0.11590813566037203,0.400959904009599,15,0.8982752950862952
595,Parietal_Sup_R,CBCL-aggr_behav_score,-0.11581831156879638,0.8985101489851015,15,0.9932078276854168
772,CSF,CBCL-anxious_score,0.11569446163197684,0.5857414258574143,15,0.9350428593504286
263,Frontal_Sup_R,CBCL-thought_prob_score,0.11537603735399156,0.42555744425557446,15,0.8982752950862952
852,Temporal_Mid_R,CBCL-rule_break_behav_score,0.11520029309758677,0.5829417058294171,15,0.9330266973302671
1168,Frontal_Inf_Oper_L,CBCL-sluggish_cogn_tempo_score,0.11515284263670446,0.7607239276072393,15,0.986185043973161
589,Parietal_Sup_L,Vineland-expressive_RAW_SCORE,0.11512993512021238,0.7803219678032197,15,0.986185043973161
299,Thalamus_R,CBCL-total_problems_score,0.11504474832710557,0.5307469253074693,15,0.9179353334703522
1137,Frontal_Med_Orb_L,CBCL-stress_prob_score,-0.11467784009623871,0.6615338466153384,15,0.9617314488696509
155,Frontal_Sup_Medial_R,CBCL-som_comp_score,-0.11458731212852642,0.8997100289971003,15,0.9932078276854168
947,Cerebelum_8_R,CBCL-anxious_score,-0.11415186881021715,0.8923107689231077,15,0.9906701637528555
1089,Cerebelum_7b_R,CBCL-attention_prob_score,-0.11382266156993094,0.9175082491750824,15,0.9944951450800866
708,Frontal_Mid_Orb_L,CBCL-externalizing_score,0.11373819205063798,0.8713128687131287,15,0.9906701637528555
862,Temporal_Mid_R,"VSA DAS_SA,rd_ABILITY_SCORE",-0.11361775118610593,0.032396760323967606,12,0.5093107710505544
316,Precuneus_R,CBCL-anx_prob_score,0.11298461344721676,0.7033296670332967,15,0.9682020981775963
1092,Cerebelum_7b_R,CBCL-depressive_prob_score,0.1129698582331081,0.38996100389961,15,0.894992467966318
994,Cerebelum_Crus2_R,CBCL-social_prob_score,0.11289753473412861,0.24617538246175383,15,0.8515529865106398
1157,Frontal_Inf_Oper_L,CBCL-anxious_score,0.11260927598845745,0.7797220277972203,15,0.986185043973161
1068,Frontal_Inf_Orb_R,CBCL-thought_prob_score,-0.1123792571629788,0.9195080491950804,15,0.9944951450800866
288,Thalamus_R,CBCL-externalizing_score,-0.11226107267335696,0.7693230676932307,15,0.986185043973161
482,Occipital_Sup_R,Vineland-copy_skills_RAW_SCORE,0.11192942919337963,0.9597040295970403,15,1.0
131,Frontal_Sup_Medial_L,Vineland-community_RAW_SCORE,-0.11192942919337963,0.35356464353564643,15,0.8764340957208628
801,CSF,Vineland-personal_RAW_SCORE,-0.11192942919337963,0.5475452454754525,15,0.9242086544033769
871,Temporal_Mid_R,Vineland-personal_RAW_SCORE,-0.11192942919337963,0.5313468653134686,15,0.9179353334703522
1011,Cerebelum_Crus2_R,Vineland-personal_RAW_SCORE,-0.11192942919337963,0.1887811218878112,15,0.7745623132211273
667,Frontal_Inf_Tri_R,CBCL-anxious_score,0.11106668316669778,0.45555444455554445,15,0.8982752950862952
1313,Frontal_Mid_R,CBCL-thought_prob_score,-0.11088086706747241,0.8225177482251775,15,0.9884187245371434
103,Frontal_Sup_L,Vineland-receptive_RAW_SCORE,0.11078395329607596,0.9425057494250575,15,0.9988705898524455
215,Temporal_Pole_Mid_R,CBCL-conduct_prob_score,0.11065687892282691,0.40315968403159685,15,0.8982752950862952
478,Occipital_Sup_R,"VSA DAS_SA,seq_qr_ABILITY_SCORE",0.11062781036541894,0.6319368063193681,12,0.9526280956403821
157,Frontal_Sup_Medial_R,CBCL-stress_prob_score,-0.11020987230028137,0.7807219278072193,15,0.986185043973161
154,Frontal_Sup_Medial_R,CBCL-social_prob_score,0.10988693380788517,0.24837516248375163,15,0.8515529865106398
954,Cerebelum_8_R,CBCL-internalizing_score,0.10987891097552477,0.29817018298170184,15,0.8754957837549578
1249,Angular_L,"VSA DAS_SA,verbal_similarities_ABILITY_SCORE",0.10979663547842036,0.46195380461953806,12,0.8982752950862952
621,Parietal_Sup_R,Vineland-community_RAW_SCORE,-0.108983917898817,0.44195580441955806,15,0.8982752950862952
341,Precuneus_R,Vineland-community_RAW_SCORE,0.108983917898817,0.6263373662633737,15,0.9524508004237496
396,Occipital_Mid_R,CBCL-oppo_def_prob_score,-0.10880263393355735,0.6523347665233477,15,0.9583092058055475
51,Postcentral_L,CBCL-som_prob_score,0.10878756313824399,0.45515448455154484,15,0.8982752950862952
1136,Frontal_Med_Orb_L,CBCL-som_prob_score,-0.10878756313824399,0.7603239676032397,15,0.986185043973161
961,Cerebelum_8_R,CBCL-som_prob_score,0.10878756313824399,0.33056694330566944,15,0.8764340957208628
262,Frontal_Sup_R,CBCL-stress_prob_score,0.10872054970162891,0.4517548245175482,15,0.8982752950862952
84,Frontal_Sup_L,CBCL-social_prob_score,0.10838163334476347,0.252974702529747,15,0.857541364507617
169,Frontal_Sup_Medial_R,Vineland-expressive_RAW_SCORE,0.10774981107404491,0.8077192280771923,15,0.9874622293868175
275,Frontal_Sup_R,Vineland-inter_pers_rel_RAW_SCORE,-0.10751116225153569,0.6275372462753724,15,0.9524508004237496
905,Temporal_Inf_R,Vineland-inter_pers_rel_RAW_SCORE,0.10751116225153569,0.9241075892410759,15,0.9951927884134664
431,Occipital_Sup_L,CBCL-oppo_def_prob_score,-0.10731218689337166,0.9973002699730027,15,1.0
1190,Frontal_Inf_Oper_R,CBCL-aggr_behav_score,-0.10690921067888898,0.9681031896810319,15,1.0
1114,Cerebelum_7b_R,Vineland-expressive_RAW_SCORE,-0.10627378626481145,0.21297870212978703,15,0.8045432015938192
82,Frontal_Sup_L,CBCL-rule_break_behav_score,0.10622364688219041,0.2233776622337766,15,0.8172550891124987
728,Frontal_Mid_Orb_L,Vineland-domestic_RAW_SCORE,-0.10619515230194361,0.2575742425757424,15,0.8668363932837485
87,Frontal_Sup_L,CBCL-stress_prob_score,-0.10574190450432402,0.775922407759224,15,0.986185043973161
249,Frontal_Sup_R,CBCL-attention_prob_score,0.10495336326578049,0.47295270472952705,15,0.9008622947229086
869,Temporal_Mid_R,Vineland-expressive_RAW_SCORE,0.10479776145557794,0.8293170682931706,15,0.9896629384680579
705,Frontal_Mid_Orb_L,CBCL-conduct_prob_score,0.10459348829691859,0.9027097290270973,15,0.9932078276854168
135,Frontal_Sup_Medial_L,Vineland-inter_pers_rel_RAW_SCORE,-0.10456565095697308,0.37636236376362364,15,0.8781788487817885
1156,Frontal_Inf_Oper_L,CBCL-anx_prob_score,0.1039458443714394,0.7781221877812219,15,0.986185043973161
147,Frontal_Sup_Medial_R,CBCL-depressive_prob_score,-0.10381013999799121,0.8095190480951905,15,0.9874622293868175
1397,Frontal_Mid_Orb_R,Vineland-play_leisure_RAW_SCORE,-0.10355210869743926,0.41155884411558846,15,0.8982752950862952
1072,Frontal_Inf_Orb_R,"VSA DAS_SA,rd_ABILITY_SCORE",-0.10315295831370143,0.10778922107789221,12,0.6954143295347884
481,Occipital_Sup_R,Vineland-community_RAW_SCORE,0.10309289530969178,0.9951004899510049,15,1.0
376,Occipital_Mid_L,Vineland-community_RAW_SCORE,0.10309289530969178,0.8611138886111389,15,0.9906701637528555
1075,Frontal_Inf_Orb_R,"VSA DAS_SA,word_defn_ABILITY_SCORE",0.10299654736957678,0.7529247075292471,12,0.986185043973161
861,Temporal_Mid_R,"VSA DAS_SA,matrices_ABILITY_SCORE",0.10253154929558947,0.9137086291370863,15,0.9940310316794407
1281,Angular_R,"VSA DAS_SA,matrices_ABILITY_SCORE",-0.10253154929558947,0.6465353464653535,15,0.9570381212669038
890,Temporal_Inf_R,CBCL-som_comp_score,0.1023646655014836,0.46355364463553644,15,0.8982752950862952
248,Frontal_Sup_R,CBCL-attention_hyper_prob_score,0.10212466818923199,0.49555044495550443,15,0.9027742387051617
393,Occipital_Mid_R,CBCL-externalizing_score,0.10192123703238987,0.7157284271572842,15,0.9737801730031078
138,Frontal_Sup_Medial_L,Vineland-receptive_RAW_SCORE,0.10192123703238987,0.962903709629037,15,1.0
1219,Frontal_Inf_Oper_R,Vineland-expressive_RAW_SCORE,0.10184571183711094,0.46535346465353467,15,0.8982752950862952
1290,Angular_R,Vineland-inter_pers_rel_RAW_SCORE,-0.10162013966241044,0.543945605439456,15,0.923059209230592
1221,Frontal_Inf_Oper_R,Vineland-personal_RAW_SCORE,-0.10162013966241044,0.9647035296470353,15,1.0
690,Frontal_Inf_Tri_R,"VSA DAS_SA,word_defn_ABILITY_SCORE",0.10150384378451045,0.5765423457654234,12,0.930343747234472
161,Frontal_Sup_Medial_R,"VSA DAS_SA,matrices_ABILITY_SCORE",0.1010455848130447,0.9031096890310969,15,0.9932078276854168
689,Frontal_Inf_Tri_R,"VSA DAS_SA,verbal_similarities_ABILITY_SCORE",0.10089420557476465,0.6293370662933707,12,0.9525101543899666
1229,Angular_L,CBCL-attention_prob_score,-0.10051871411370525,0.8779122087791221,15,0.9906701637528555
648,Frontal_Mid_L,CBCL-thought_prob_score,-0.10039213639892772,0.7621237876212379,15,0.986185043973161
799,CSF,Vineland-expressive_RAW_SCORE,0.10036968702787746,0.8519148085191481,15,0.9906701637528555
163,Frontal_Sup_Medial_R,"VSA DAS_SA,seq_qr_ABILITY_SCORE",-0.10016301749301444,0.20157984201579843,12,0.7949627572454022
583,Parietal_Sup_L,"VSA DAS_SA,seq_qr_ABILITY_SCORE",0.10016301749301444,0.5361463853614639,12,0.9187330960906358
451,Occipital_Sup_L,Vineland-personal_RAW_SCORE,-0.10014738401512914,0.43355664433556645,15,0.8982752950862952
760,Postcentral_R,"VSA DAS_SA,word_defn_ABILITY_SCORE",-0.10001114019944413,0.45335466453354667,12,0.8982752950862952
895,Temporal_Inf_R,"VSA DAS_SA,PC_ABILITY_SCORE",0.09999999999999999,0.8277172282771723,15,0.9896629384680579
1021,Cerebelum_10_R,CBCL-depressed_score,0.09912775723329108,0.45495450454954506,15,0.8982752950862952
445,Occipital_Sup_L,"VSA DAS_SA,word_defn_ABILITY_SCORE",-0.0985184366143778,0.25417458254174585,12,0.8588056856964906
710,Frontal_Mid_Orb_L,CBCL-obsessive_comp_prob_score,-0.09825015015781494,0.4443555644435556,15,0.8982752950862952
959,Cerebelum_8_R,CBCL-social_prob_score,-0.09784453010291146,0.8381161883811619,15,0.9900527653811346
972,Cerebelum_8_R,Vineland-copy_skills_RAW_SCORE,0.09720187272056653,0.718928107189281,15,0.9767791407086256
815,Cerebelum_4_5_R,CBCL-obsessive_comp_prob_score,-0.09671499156159907,0.8303169683031697,15,0.9896629384680579
141,Frontal_Sup_Medial_R,CBCL-anx_prob_score,-0.09641353680829164,0.7725227477252274,15,0.986185043973161
1326,Frontal_Mid_R,Vineland-personal_RAW_SCORE,-0.09572911707328521,0.4617538246175382,15,0.8982752950862952
1277,Angular_R,CBCL-stress_prob_score,0.09531664631375686,0.6115388461153884,15,0.9437914605904941
455,Occipital_Sup_R,CBCL-aggr_behav_score,0.09503040949234576,0.9187081291870813,15,0.9944951450800866
794,CSF,"VSA DAS_SA,verbal_similarities_ABILITY_SCORE",0.09495925230566087,0.6267373262673732,12,0.9524508004237496
911,Frontal_Inf_Tri_L,CBCL-anx_prob_score,0.09490707529566207,0.34396560343965604,15,0.8764340957208628
1216,Frontal_Inf_Oper_R,Vineland-community_RAW_SCORE,-0.09425636142600391,1.0,15,1.0
586,Parietal_Sup_L,Vineland-community_RAW_SCORE,-0.09425636142600391,0.2385761423857614,15,0.8462790084627901
600,Parietal_Sup_R,CBCL-conduct_prob_score,-0.09398255470157903,0.9945005499450055,15,1.0
437,Occipital_Sup_L,CBCL-stress_prob_score,0.09382732371510442,0.44495550444955506,15,0.8982752950862952
850,Temporal_Mid_R,CBCL-obsessive_comp_prob_score,-0.09364467436916735,0.8067193280671933,15,0.9874622293868175
980,Cerebelum_Crus2_R,CBCL-aggr_behav_score,-0.09354555934402785,0.7335266473352665,15,0.986185043973161
1334,Occipital_Inf_R,CBCL-attention_prob_score,-0.09312763219357988,0.9899010098990101,15,1.0
788,CSF,CBCL-thought_prob_score,-0.09290018592139579,0.7247275272472753,15,0.9803077663248169
1185,Frontal_Inf_Oper_L,Vineland-inter_pers_rel_RAW_SCORE,0.0927836057787226,0.9933006699330067,15,1.0
1080,Frontal_Inf_Orb_R,Vineland-inter_pers_rel_RAW_SCORE,0.0927836057787226,0.7119288071192881,15,0.9723905658214668
306,Thalamus_R,Vineland-community_RAW_SCORE,0.0927836057787226,0.7423257674232576,15,0.986185043973161
92,Frontal_Sup_L,"VSA DAS_SA,rd_ABILITY_SCORE",-0.09268816544129693,0.14758524147585242,12,0.7554153675541536
1038,Cerebelum_10_R,"VSA DAS_SA,seq_qr_ABILITY_SCORE",0.09268816544129693,0.8113188681131887,12,0.9875641454099594
320,Precuneus_R,CBCL-conduct_prob_score,0.09246670704510195,0.7707229277072293,15,0.986185043973161
682,Frontal_Inf_Tri_R,CBCL-stress_prob_score,0.09233800111645195,0.555944405559444,15,0.9254722565793361
1120,Frontal_Med_Orb_L,CBCL-aggr_behav_score,-0.09206070919570994,0.7081291870812919,15,0.9703139275113584
86,Frontal_Sup_L,CBCL-som_prob_score,0.09205101496312953,0.273972602739726,15,0.8700475243955426
85,Frontal_Sup_L,CBCL-som_comp_score,0.09166984970282113,0.2983701629837016,15,0.8754957837549578
1159,Frontal_Inf_Oper_L,CBCL-attention_prob_score,-0.09164941580955478,0.6279372062793721,15,0.9524508004237496
603,Parietal_Sup_R,CBCL-externalizing_score,-0.09158140139142278,0.9745025497450255,15,1.0
622,Parietal_Sup_R,Vineland-copy_skills_RAW_SCORE,-0.09131085013144127,0.42995700429957007,15,0.8982752950862952
1181,Frontal_Inf_Oper_L,Vineland-community_RAW_SCORE,0.09131085013144127,0.9705029497050295,15,1.0
1387,Frontal_Mid_Orb_R,"VSA DAS_SA,rd_ABILITY_SCORE",-0.09119319503095344,0.007799220077992201,12,0.41995800419958
361,Occipital_Mid_L,CBCL-oppo_def_prob_score,0.09091726945132875,0.9375062493750624,15,0.9967767438570776
1096,Cerebelum_7b_R,CBCL-oppo_def_prob_score,-0.09091726945132875,0.9607039296070393,15,1.0
402,Occipital_Mid_R,CBCL-stress_prob_score,0.0908486785177995,0.7491250874912508,15,0.986185043973161
1036,Cerebelum_10_R,"VSA DAS_SA,matrices_ABILITY_SCORE",-0.09064383343523127,0.7917208279172083,15,0.9874622293868175
561,Parietal_Sup_L,CBCL-anx_prob_score,0.0903876907577734,0.45255474452554745,15,0.8982752950862952
345,Precuneus_R,Vineland-inter_pers_rel_RAW_SCORE,0.08983809448415997,0.6859314068593141,15,0.9679032096790321
310,Thalamus_R,Vineland-inter_pers_rel_RAW_SCORE,0.08983809448415997,0.7685231476852314,15,0.986185043973161
410,Occipital_Mid_R,"VSA DAS_SA,word_defn_ABILITY_SCORE",-0.08956221510397981,0.20557944205579443,12,0.7995876312645743
1365,Frontal_Mid_Orb_R,CBCL-aggr_behav_score,-0.08909100889907413,0.9625037496250375,15,1.0
724,Frontal_Mid_Orb_L,"VSA DAS_SA,verbal_similarities_ABILITY_SCORE",0.08902429903655705,0.8089191080891911,12,0.9874622293868175
119,Frontal_Sup_Medial_L,CBCL-social_prob_score,0.08881272732418116,0.43215678432156784,15,0.8982752950862952
459,Occipital_Sup_R,CBCL-attention_prob_score,-0.08869298304150464,0.5729427057294271,15,0.930343747234472
610,Parietal_Sup_R,CBCL-som_comp_score,-0.08861418804606043,0.9597040295970403,15,1.0
1232,Angular_L,CBCL-depressive_prob_score,0.08854394293946309,0.5623437656234377,15,0.9273042071529007
245,Frontal_Sup_R,CBCL-aggr_behav_score,0.08760615875075622,0.5877412258774123,15,0.9350428593504286
1198,Frontal_Inf_Oper_R,CBCL-externalizing_score,-0.08715004325957974,0.9647035296470353,15,1.0
428,Occipital_Sup_L,CBCL-externalizing_score,0.08715004325957974,0.45315468453154684,15,0.8982752950862952
843,Temporal_Mid_R,CBCL-attention_hyper_prob_score,-0.087106334631992,0.8653134686531346,15,0.9906701637528555
668,Frontal_Inf_Tri_R,CBCL-attention_hyper_prob_score,-0.087106334631992,0.9817018298170183,15,1.0
855,Temporal_Mid_R,CBCL-som_comp_score,-0.08708635721768009,0.8231176882311769,15,0.9884187245371434
322,Precuneus_R,CBCL-depressive_prob_score,0.08701732323361029,0.7889211078892111,15,0.9874622293868175
870,Temporal_Mid_R,Vineland-inter_pers_rel_RAW_SCORE,0.08689258318959733,0.8577142285771423,15,0.9906701637528555
466,Occipital_Sup_R,CBCL-oppo_def_prob_score,-0.0864459283307716,0.557944205579442,15,0.9254998670749038
876,Temporal_Inf_R,CBCL-anx_prob_score,0.08586830621988473,0.5437456254374563,15,0.923059209230592
1153,Frontal_Med_Orb_L,Vineland-receptive_RAW_SCORE,-0.08567292388229875,0.9677032296770323,15,1.0
1303,Frontal_Mid_R,CBCL-externalizing_score,-0.08567292388229875,0.8779122087791221,15,0.9906701637528555
274,Frontal_Sup_R,Vineland-expressive_RAW_SCORE,0.08560943893554254,0.7667233276672333,15,0.986185043973161
1245,Angular_L,"VSA DAS_SA,PC_ABILITY_SCORE",-0.08529411764705883,0.5281471852814719,15,0.9179353334703522
1247,Angular_L,"VSA DAS_SA,rd_ABILITY_SCORE",-0.08521331338957945,0.05799420057994201,12,0.6188854798730654
1366,Frontal_Mid_Orb_R,CBCL-anx_prob_score,-0.08436184470725518,0.9119088091190881,15,0.9940310316794407
1002,Cerebelum_Crus2_R,"VSA DAS_SA,rd_ABILITY_SCORE",-0.08371834297923596,0.0007999200079992001,12,0.37329600373296007
1241,Angular_L,CBCL-som_prob_score,0.0836827408755723,0.6121387861213878,15,0.9437914605904941
725,Frontal_Mid_Orb_L,"VSA DAS_SA,word_defn_ABILITY_SCORE",0.0835914007637145,0.8001199880011999,12,0.9874622293868175
256,Frontal_Sup_R,CBCL-oppo_def_prob_score,-0.08346503425040018,0.9021097890210978,15,0.9932078276854168
717,Frontal_Mid_Orb_L,CBCL-stress_prob_score,-0.08340206552453726,0.5603439656034397,15,0.9272831582090019
627,Parietal_Sup_R,Vineland-play_leisure_RAW_SCORE,-0.08284168695795141,0.5163483651634837,15,0.9130905091309051
400,Occipital_Mid_R,CBCL-som_comp_score,0.08250286473253902,0.7245275472452755,15,0.9803077663248169
96,Frontal_Sup_L,Vineland-community_RAW_SCORE,-0.08247431624775342,0.3975602439756024,15,0.8982752950862952
1372,Frontal_Mid_Orb_R,CBCL-depressive_prob_score,0.08243746411605185,0.41075892410758924,15,0.8982752950862952
711,Frontal_Mid_Orb_L,CBCL-oppo_def_prob_score,-0.08197458721021446,0.5505449455054494,15,0.9242086544033769
422,Occipital_Sup_L,CBCL-anxious_score,0.08175741955326364,0.44835516448355167,15,0.8982752950862952
1052,Frontal_Inf_Orb_R,CBCL-anxious_score,-0.08175741955326364,0.9909009099090091,15,1.0
945,Cerebelum_8_R,CBCL-aggr_behav_score,-0.08166675815748463,0.7835216478352165,15,0.986185043973161
844,Temporal_Mid_R,CBCL-attention_prob_score,-0.08130190112137925,0.8745125487451255,15,0.9906701637528555
544,Parietal_Inf_L,CBCL-total_problems_score,0.08112129689731802,0.34136586341365865,15,0.8764340957208628
505,Precentral_L,CBCL-som_comp_score,0.08097503390415867,0.4383561643835616,15,0.8982752950862952
987,Cerebelum_Crus2_R,CBCL-depressive_prob_score,-0.08091084441019904,0.7383261673832616,15,0.986185043973161
1248,Angular_L,"VSA DAS_SA,seq_qr_ABILITY_SCORE",-0.08072840215854896,0.17278272172782722,12,0.774501989053431
210,Temporal_Pole_Mid_R,CBCL-aggr_behav_score,0.08018190800916673,0.5023497650234976,15,0.905855360409905
584,Parietal_Sup_L,"VSA DAS_SA,verbal_similarities_ABILITY_SCORE",0.08012186913290135,0.4687531246875312,12,0.8982752950862952
1117,Cerebelum_7b_R,Vineland-play_leisure_RAW_SCORE,-0.07988305528088172,0.2633736626337366,15,0.8700475243955426
1139,Frontal_Med_Orb_L,CBCL-total_problems_score,0.0796463642264577,0.7571242875712428,15,0.986185043973161
607,Parietal_Sup_R,CBCL-rule_break_behav_score,-0.07929370823600129,0.9571042895710429,15,1.0
1177,Frontal_Inf_Oper_L,"VSA DAS_SA,rd_ABILITY_SCORE",-0.07923343174820545,0.678932106789321,12,0.9649796441675629
116,Frontal_Sup_Medial_L,CBCL-oppo_def_prob_score,-0.07899369312984302,0.8921107889211078,15,0.9906701637528555
643,Frontal_Mid_L,CBCL-sluggish_cogn_tempo_score,0.07887181002514006,0.28117188281171884,15,0.873983398120365
89,Frontal_Sup_L,CBCL-total_problems_score,0.07817143155559737,0.28657134286571345,15,0.8754957837549578
738,Postcentral_R,CBCL-attention_hyper_prob_score,-0.07809533449764801,0.8449155084491551,15,0.9906701637528555
206,Frontal_Sup_Orb_L,Vineland-personal_RAW_SCORE,-0.07805604930590948,0.8945105489451055,15,0.9923254901134293
1302,Frontal_Mid_R,CBCL-depressive_prob_score,0.07785760499849341,0.6039396060393961,15,0.9437914605904941
1319,Frontal_Mid_R,"VSA DAS_SA,verbal_similarities_ABILITY_SCORE",0.07715439249834945,0.5133486651334866,12,0.9129213660912389
557,Parietal_Inf_L,Vineland-play_leisure_RAW_SCORE,-0.07692442360381202,0.3651634836516348,15,0.8764340957208628
631,Frontal_Mid_L,CBCL-anx_prob_score,0.07682953714410738,0.2983701629837016,15,0.8754957837549578
1375,Frontal_Mid_Orb_R,CBCL-obsessive_comp_prob_score,-0.07675792981079292,0.7881211878812119,15,0.9874622293868175
860,Temporal_Mid_R,"VSA DAS_SA,PC_ABILITY_SCORE",0.07647058823529412,0.9967003299670033,15,1.0
298,Thalamus_R,CBCL-thought_prob_score,-0.07641789487082558,0.8803119688031197,15,0.9906701637528555
887,Temporal_Inf_R,CBCL-rule_break_behav_score,0.07630149283086916,0.5913408659134086,15,0.9375732868389264
792,CSF,"VSA DAS_SA,rd_ABILITY_SCORE",-0.07624349092751845,0.067993200679932,12,0.6336208484414717
756,Postcentral_R,"VSA DAS_SA,matrices_ABILITY_SCORE",-0.07578418860978353,0.6943305669433056,15,0.9679032096790321
840,Temporal_Mid_R,CBCL-aggr_behav_score,-0.07572735756421302,0.8627137286271372,15,0.9906701637528555
269,Frontal_Sup_R,"VSA DAS_SA,verbal_similarities_ABILITY_SCORE",0.0756706541810735,0.8097190280971903,12,0.9874622293868175
982,Cerebelum_Crus2_R,CBCL-anxious_score,0.07558704826622487,0.2973702629737026,15,0.8754957837549578
107,Frontal_Sup_Medial_L,CBCL-anxious_score,-0.07558704826622487,0.9735026497350265,15,1.0
278,Frontal_Sup_R,Vineland-receptive_RAW_SCORE,0.07533308824133166,0.7793220677932207,15,0.986185043973161
121,Frontal_Sup_Medial_L,CBCL-som_prob_score,-0.07531446678801508,0.8717128287171283,15,0.9906701637528555
751,Postcentral_R,CBCL-som_prob_score,-0.07531446678801508,0.8797120287971203,15,0.9906701637528555
719,Frontal_Mid_Orb_L,CBCL-total_problems_score,-0.07522156621387671,0.565943405659434,15,0.9288790747093515
824,Cerebelum_4_5_R,CBCL-total_problems_score,0.07522156621387671,0.3501649835016498,15,0.8764340957208628
446,Occipital_Sup_L,Vineland-community_RAW_SCORE,0.07511053801134686,0.9853014698530147,15,1.0
493,Precentral_L,CBCL-attention_hyper_prob_score,-0.07509166778620001,0.9465053494650535,15,1.0
1307,Frontal_Mid_R,CBCL-rule_break_behav_score,0.0748053851283031,0.5973402659734026,15,0.9413231905155942
302,Thalamus_R,"VSA DAS_SA,rd_ABILITY_SCORE",-0.07474852051717495,0.15078492150784922,12,0.756626846275946
489,Occipital_Sup_R,Vineland-written_RAW_SCORE,-0.07358353721315752,0.46235376462353767,15,0.8982752950862952
1197,Frontal_Inf_Oper_R,CBCL-depressive_prob_score,0.07327774588093498,0.45055494450554945,15,0.8982752950862952
9,Frontal_Sup_Orb_R,CBCL-internalizing_score,0.07275765726757721,0.45695430456954306,15,0.8982752950862952
739,Postcentral_R,CBCL-attention_prob_score,-0.07243260281722878,0.8545145485451455,15,0.9906701637528555
624,Parietal_Sup_R,Vineland-expressive_RAW_SCORE,-0.07232521565244111,0.5617438256174383,15,0.9273042071529007
909,Temporal_Inf_R,Vineland-written_RAW_SCORE,-0.07211186646889438,0.35736426357364265,15,0.8764340957208628
508,Precentral_L,CBCL-thought_prob_score,-0.07192272458430643,0.9307069293070693,15,0.9967767438570776
152,Frontal_Sup_Medial_R,CBCL-rule_break_behav_score,0.07181316972317098,0.29557044295570445,15,0.8754957837549578
872,Temporal_Mid_R,Vineland-play_leisure_RAW_SCORE,-0.07100716024967263,0.6487351264873512,15,0.9570381212669038
102,Frontal_Sup_L,Vineland-play_leisure_RAW_SCORE,-0.07100716024967263,0.44315568443155684,15,0.8982752950862952
72,Frontal_Sup_L,CBCL-anxious_score,-0.0709592698009458,0.7045295470452955,15,0.9689011452489329
243,Temporal_Pole_Mid_R,Vineland-receptive_RAW_SCORE,0.07090173010948862,0.6561343865613438,15,0.9604473199493008
1043,Cerebelum_10_R,Vineland-domestic_RAW_SCORE,0.07079676820129573,0.6737326267373263,15,0.9649796441675629
483,Occipital_Sup_R,Vineland-domestic_RAW_SCORE,0.07079676820129573,0.8619138086191381,15,0.9906701637528555
229,Temporal_Pole_Mid_R,CBCL-total_problems_score,0.07079676820129573,0.5507449255074492,15,0.9242086544033769
1130,Frontal_Med_Orb_L,CBCL-obsessive_comp_prob_score,-0.07061729542592948,0.8417158284171583,15,0.9906701637528555
300,Thalamus_R,"VSA DAS_SA,PC_ABILITY_SCORE",0.07058823529411765,0.8231176882311769,15,0.9884187245371434
785,CSF,CBCL-som_comp_score,-0.0702802181054962,0.8081191880811919,15,0.9874622293868175
830,Cerebelum_4_5_R,"VSA DAS_SA,word_defn_ABILITY_SCORE",-0.07015706849811752,0.20517948205179481,12,0.7995876312645743
56,Postcentral_L,"VSA DAS_SA,matrices_ABILITY_SCORE",-0.06984033067960442,0.932906709329067,15,0.9967767438570776
140,Frontal_Sup_Medial_R,CBCL-aggr_behav_score,-0.06978795697094141,0.6333366663333667,15,0.953410035340552
1214,Frontal_Inf_Oper_R,"VSA DAS_SA,verbal_similarities_ABILITY_SCORE",0.06973570091196969,0.8193180681931806,12,0.9884187245371434
1122,Frontal_Med_Orb_L,CBCL-anxious_score,0.06941667697918612,0.8141185881411859,15,0.9876655315404335
659,Frontal_Mid_L,Vineland-expressive_RAW_SCORE,0.06937316603397413,0.8051194880511949,15,0.9874622293868175
124,Frontal_Sup_Medial_L,CBCL-total_problems_score,0.0693218355304354,0.4497550244975502,15,0.8982752950862952
1312,Frontal_Mid_R,CBCL-stress_prob_score,-0.06850883953801275,0.9049095090490951,15,0.9936261275833201
52,Postcentral_L,CBCL-stress_prob_score,0.06850883953801275,0.553944605539446,15,0.9254444483952559
752,Postcentral_R,CBCL-stress_prob_score,0.06850883953801275,0.4173582641735826,15,0.8982752950862952
1172,Frontal_Inf_Oper_L,CBCL-stress_prob_score,0.06850883953801275,0.8491150884911509,15,0.9906701637528555
266,Frontal_Sup_R,"VSA DAS_SA,matrices_ABILITY_SCORE",0.06835436619705966,0.9913008699130087,15,1.0
1074,Frontal_Inf_Orb_R,"VSA DAS_SA,verbal_similarities_ABILITY_SCORE",0.06825196259469374,0.6173382661733826,12,0.9476683910556313
319,Precuneus_R,CBCL-attention_prob_score,-0.06799795366515356,0.6667333266673333,15,0.9631958614838106
734,Frontal_Mid_Orb_L,Vineland-written_RAW_SCORE,-0.06769685423610493,0.3691630836916308,15,0.8764340957208628
1270,Angular_R,CBCL-obsessive_comp_prob_score,0.06754697823349776,0.6599340065993401,15,0.9617314488696509
893,Temporal_Inf_R,CBCL-thought_prob_score,-0.06742755429778728,0.9751024897510249,15,1.0
473,Occipital_Sup_R,CBCL-thought_prob_score,0.06742755429778728,0.9833016698330167,15,1.0
683,Frontal_Inf_Tri_R,CBCL-thought_prob_score,0.06742755429778728,0.567943205679432,15,0.9288790747093515
793,CSF,"VSA DAS_SA,seq_qr_ABILITY_SCORE",-0.06727366846545746,0.07239276072392761,12,0.6532680065326801
1005,Cerebelum_Crus2_R,"VSA DAS_SA,word_defn_ABILITY_SCORE",0.06717166132798487,0.0867913208679132,12,0.690385506903855
331,Precuneus_R,CBCL-som_prob_score,-0.06694619270045783,0.7813218678132187,15,0.986185043973161
471,Occipital_Sup_R,CBCL-som_prob_score,0.06694619270045783,1.0,15,1.0
576,Parietal_Sup_L,CBCL-som_prob_score,0.06694619270045783,0.5327467253274673,15,0.9185288367714952
511,Precentral_L,"VSA DAS_SA,matrices_ABILITY_SCORE",0.06686840171451489,0.7893210678932107,15,0.9874622293868175
458,Occipital_Sup_R,CBCL-attention_hyper_prob_score,-0.066080667651856,0.6033396660333966,15,0.9437914605904941
990,Cerebelum_Crus2_R,CBCL-obsessive_comp_prob_score,-0.06601181963728191,0.6321367863213678,15,0.9526280956403821
927,Frontal_Inf_Tri_L,CBCL-stress_prob_score,0.06553019434070784,0.44375562443755623,15,0.8982752950862952
315,Precuneus_R,CBCL-aggr_behav_score,-0.0653334065259877,0.7295270472952705,15,0.9839478479897676
1330,Occipital_Inf_R,CBCL-aggr_behav_score,-0.0653334065259877,0.9263073692630737,15,0.9960294293151329
144,Frontal_Sup_Medial_R,CBCL-attention_prob_score,-0.0650415208971034,0.6697330266973303,15,0.9636446427299715
813,Cerebelum_4_5_R,CBCL-externalizing_score,0.06499325260036456,0.3725627437256274,15,0.8764340957208628
806,Cerebelum_4_5_R,CBCL-anx_prob_score,-0.06477784504307094,0.6997300269973002,15,0.9679032096790321
45,Postcentral_L,CBCL-obsessive_comp_prob_score,-0.06447666104106604,0.9497050294970503,15,1.0
1102,Cerebelum_7b_R,CBCL-stress_prob_score,0.06404087174205539,0.5165483451654834,15,0.9130905091309051
91,Frontal_Sup_L,"VSA DAS_SA,matrices_ABILITY_SCORE",0.06389647274942534,0.9099090090990901,15,0.9940310316794407
159,Frontal_Sup_Medial_R,CBCL-total_problems_score,0.06342210484699409,0.3077692230776922,15,0.8764340957208628
731,Frontal_Mid_Orb_L,Vineland-personal_RAW_SCORE,-0.06332849283309637,0.3575642435756424,15,0.8764340957208628
276,Frontal_Sup_R,Vineland-personal_RAW_SCORE,-0.06332849283309637,0.8191180881911809,15,0.9884187245371434
1251,Angular_L,Vineland-community_RAW_SCORE,0.06332849283309637,0.9145085491450855,15,0.9940310316794407
796,CSF,Vineland-community_RAW_SCORE,0.06332849283309637,0.9239076092390761,15,0.9951927884134664
346,Precuneus_R,Vineland-personal_RAW_SCORE,-0.06332849283309637,0.7971202879712029,15,0.9874622293868175
503,Precentral_L,CBCL-sluggish_cogn_tempo_score,0.06309744802011204,0.5233476652334766,15,0.9150645484764882
920,Frontal_Inf_Tri_L,CBCL-obsessive_comp_prob_score,0.0629415024448502,0.43655634436556345,15,0.8982752950862952
680,Frontal_Inf_Tri_R,CBCL-som_comp_score,-0.06264106396359444,0.9521047895210479,15,1.0
371,Occipital_Mid_L,"VSA DAS_SA,matrices_ABILITY_SCORE",0.06241050826688055,0.6717328267173283,15,0.9648265942636506
385,Occipital_Mid_R,CBCL-aggr_behav_score,0.062363706229351897,0.8285171482851715,15,0.9896629384680579
973,Cerebelum_8_R,Vineland-domestic_RAW_SCORE,-0.06194717217613376,0.290970902909709,15,0.8754957837549578
1178,Frontal_Inf_Oper_L,"VSA DAS_SA,seq_qr_ABILITY_SCORE",-0.061293786824083464,0.6667333266673333,12,0.9631958614838106
270,Frontal_Sup_R,"VSA DAS_SA,word_defn_ABILITY_SCORE",-0.06120084698771954,0.6069393060693931,12,0.9437914605904941
1065,Frontal_Inf_Orb_R,CBCL-som_comp_score,0.061113233135214086,0.49955004499550043,15,0.9027742387051617
750,Postcentral_R,CBCL-som_comp_score,0.061113233135214086,0.42795720427957207,15,0.8982752950862952
746,Postcentral_R,CBCL-oppo_def_prob_score,-0.06110832864761441,0.8303169683031697,15,0.9896629384680579
287,Thalamus_R,CBCL-depressive_prob_score,-0.061064788234112474,0.9775022497750225,15,1.0
1050,Frontal_Inf_Orb_R,CBCL-aggr_behav_score,-0.060878856081033994,0.9649035096490352,15,1.0
625,Parietal_Sup_R,Vineland-inter_pers_rel_RAW_SCORE,0.060382981538533755,0.932906709329067,15,0.9967767438570776
447,Occipital_Sup_L,Vineland-copy_skills_RAW_SCORE,-0.060382981538533755,0.5235476452354765,15,0.9150645484764882
902,Temporal_Inf_R,Vineland-copy_skills_RAW_SCORE,-0.060382981538533755,0.40435956404359563,15,0.8982752950862952
209,Frontal_Sup_Orb_L,Vineland-written_RAW_SCORE,-0.06033850051478917,0.8891110888911109,15,0.9906701637528555
1192,Frontal_Inf_Oper_R,CBCL-anxious_score,0.06016112004862796,0.46135386461353867,15,0.8982752950862952
912,Frontal_Inf_Tri_L,CBCL-anxious_score,0.06016112004862796,0.4233576642335766,15,0.8982752950862952
188,Frontal_Sup_Orb_L,CBCL-sluggish_cogn_tempo_score,0.05994257561910643,0.8313168683131686,15,0.9896629384680579
303,Thalamus_R,"VSA DAS_SA,seq_qr_ABILITY_SCORE",-0.05979881641373996,0.15778422157784222,12,0.7696791296480108
1110,Cerebelum_7b_R,"VSA DAS_SA,word_defn_ABILITY_SCORE",-0.05970814340265321,0.05879412058794121,12,0.6188854798730654
1320,Frontal_Mid_R,"VSA DAS_SA,word_defn_ABILITY_SCORE",0.05970814340265321,0.41855814418558146,12,0.8982752950862952
550,Parietal_Inf_L,"VSA DAS_SA,word_defn_ABILITY_SCORE",-0.05970814340265321,0.05299470052994701,12,0.5888300058883
1341,Occipital_Inf_R,CBCL-oppo_def_prob_score,-0.05961788160742869,0.9355064493550644,15,0.9967767438570776
1207,Frontal_Inf_Oper_R,CBCL-stress_prob_score,-0.05957290394609804,0.8129187081291871,15,0.9876655315404335
182,Frontal_Sup_Orb_L,CBCL-depressive_prob_score,0.05953816852825967,0.8743125687431257,15,0.9906701637528555
533,Parietal_Inf_L,CBCL-externalizing_score,0.05908477509124051,0.40155984401559847,15,0.8982752950862952
1325,Frontal_Mid_R,Vineland-inter_pers_rel_RAW_SCORE,0.058910225891252437,0.8905109489051095,15,0.9906701637528555
415,Occipital_Mid_R,Vineland-inter_pers_rel_RAW_SCORE,-0.058910225891252437,0.7805219478052194,15,0.986185043973161
1315,Frontal_Mid_R,"VSA DAS_SA,PC_ABILITY_SCORE",0.0588235294117647,0.7821217878212179,15,0.986185043973161
405,Occipital_Mid_R,"VSA DAS_SA,PC_ABILITY_SCORE",-0.0588235294117647,0.5575442455754425,15,0.9254998670749038
615,Parietal_Sup_R,"VSA DAS_SA,PC_ABILITY_SCORE",-0.0588235294117647,0.6639336066393361,15,0.9631958614838106
71,Frontal_Sup_L,CBCL-anx_prob_score,-0.05875199899255271,0.6575342465753424,15,0.960905997082964
261,Frontal_Sup_R,CBCL-som_prob_score,0.05857791861290061,0.6123387661233877,15,0.9437914605904941
436,Occipital_Sup_L,CBCL-som_prob_score,-0.05857791861290061,0.8625137486251375,15,0.9906701637528555
156,Frontal_Sup_Medial_R,CBCL-som_prob_score,-0.05857791861290061,0.6879312068793121,15,0.9679032096790321
1040,Cerebelum_10_R,"VSA DAS_SA,word_defn_ABILITY_SCORE",0.05821543981758688,0.6443355664433557,12,0.9570381212669038
112,Frontal_Sup_Medial_L,CBCL-depressive_prob_score,-0.058011548822406854,0.8065193480651934,15,0.9874622293868175
1001,Cerebelum_Crus2_R,"VSA DAS_SA,matrices_ABILITY_SCORE",-0.05795261481924623,0.5473452654734526,15,0.9242086544033769
1128,Frontal_Med_Orb_L,CBCL-externalizing_score,-0.0576076557139595,0.8429157084291571,15,0.9906701637528555
1373,Frontal_Mid_Orb_R,CBCL-externalizing_score,-0.0576076557139595,0.8831116888311169,15,0.9906701637528555
953,Cerebelum_8_R,CBCL-externalizing_score,-0.0576076557139595,0.6787321267873213,15,0.9649796441675629
145,Frontal_Sup_Medial_R,CBCL-conduct_prob_score,0.05760221094612908,0.31816818318168183,15,0.8764340957208628
64,Postcentral_L,Vineland-expressive_RAW_SCORE,0.05756496756010619,0.9075092490750925,15,0.9940310316794407
1076,Frontal_Inf_Orb_R,Vineland-community_RAW_SCORE,-0.057437470243971125,0.3073692630736926,15,0.8764340957208628
981,Cerebelum_Crus2_R,CBCL-anx_prob_score,0.05724553747992315,0.33436656334366566,15,0.8764340957208628
118,Frontal_Sup_Medial_L,CBCL-sluggish_cogn_tempo_score,0.05678770321810084,0.4961503849615039,15,0.9027742387051617
857,Temporal_Mid_R,CBCL-stress_prob_score,0.05659425874879313,0.7011298870112989,15,0.9679032096790321
965,Cerebelum_8_R,"VSA DAS_SA,PC_ABILITY_SCORE",0.055882352941176466,0.9707029297070293,15,1.0
408,Occipital_Mid_R,"VSA DAS_SA,seq_qr_ABILITY_SCORE",-0.05531390518270947,0.31256874312568744,12,0.8764340957208628
1305,Frontal_Mid_R,CBCL-obsessive_comp_prob_score,-0.0552657094637709,0.9777022297770223,15,1.0
715,Frontal_Mid_Orb_L,CBCL-som_comp_score,-0.05500190982169268,0.5603439656034397,15,0.9272831582090019
252,Frontal_Sup_R,CBCL-depressive_prob_score,0.05495830941070124,0.6085391460853915,15,0.9437914605904941
1125,Frontal_Med_Orb_L,CBCL-conduct_prob_score,0.05457051563317493,0.7437256274372562,15,0.986185043973161
877,Temporal_Inf_R,CBCL-anxious_score,0.0539907487615892,0.6437356264373563,15,0.9570381212669038
688,Frontal_Inf_Tri_R,"VSA DAS_SA,seq_qr_ABILITY_SCORE",0.053818934772365976,0.41575842415758424,12,0.8982752950862952
967,Cerebelum_8_R,"VSA DAS_SA,rd_ABILITY_SCORE",0.053818934772365976,0.09959004099590041,12,0.6906856484162904
570,Parietal_Sup_L,CBCL-obsessive_comp_prob_score,0.053730550867555044,0.47535246475352466,15,0.9027742387051617
822,Cerebelum_4_5_R,CBCL-stress_prob_score,-0.053615613551488236,0.6719328067193281,15,0.9648265942636506
910,Frontal_Inf_Tri_L,CBCL-aggr_behav_score,0.05345460533944449,0.4791520847915208,15,0.9027742387051617
113,Frontal_Sup_Medial_L,CBCL-externalizing_score,0.053176297582116464,0.48855114488551143,15,0.9027742387051617
988,Cerebelum_Crus2_R,CBCL-externalizing_score,-0.053176297582116464,0.6113388661133886,15,0.9437914605904941
1009,Cerebelum_Crus2_R,Vineland-expressive_RAW_SCORE,-0.05313689313240572,0.3137686231376862,15,0.8764340957208628
414,Occipital_Mid_R,Vineland-expressive_RAW_SCORE,-0.05313689313240572,0.8093190680931907,15,0.9874622293868175
677,Frontal_Inf_Tri_R,CBCL-rule_break_behav_score,0.052363769589812176,0.6655334466553344,15,0.9631958614838106
675,Frontal_Inf_Tri_R,CBCL-obsessive_comp_prob_score,-0.05219539227133918,0.9641035896410359,15,1.0
297,Thalamus_R,CBCL-stress_prob_score,-0.05212629095283579,0.9217078292170783,15,0.9949043646136544
479,Occipital_Sup_R,"VSA DAS_SA,verbal_similarities_ABILITY_SCORE",0.05193084110465829,0.35256474352564743,12,0.8764340957208628
1069,Frontal_Inf_Orb_R,CBCL-total_problems_score,-0.051622643480111474,0.9367063293670633,15,0.9967767438570776
1007,Cerebelum_Crus2_R,Vineland-copy_skills_RAW_SCORE,-0.05154644765484589,0.31716828317168283,15,0.8764340957208628
1010,Cerebelum_Crus2_R,Vineland-inter_pers_rel_RAW_SCORE,0.05154644765484589,0.5775422457754225,15,0.930343747234472
1321,Frontal_Mid_R,Vineland-community_RAW_SCORE,-0.05154644765484589,0.5791420857914209,15,0.9306744010593214
1191,Frontal_Inf_Oper_R,CBCL-anx_prob_score,0.051219691429404926,0.46815318468153183,15,0.8982752950862952
388,Occipital_Mid_R,CBCL-attention_hyper_prob_score,-0.051062334094615996,0.8459154084591541,15,0.9906701637528555
1062,Frontal_Inf_Orb_R,CBCL-rule_break_behav_score,0.050867661887246104,0.634936506349365,15,0.9547917388712256
7,Frontal_Sup_Orb_R,CBCL-depressive_prob_score,-0.0503784502931428,0.8611138886111389,15,0.9906701637528555
296,Thalamus_R,CBCL-som_prob_score,0.05020964452534338,0.7601239876012399,15,0.986185043973161
856,Temporal_Mid_R,CBCL-som_prob_score,-0.05020964452534338,1.0,15,1.0
530,Parietal_Inf_L,CBCL-conduct_prob_score,0.05002297266374368,0.39916008399160086,15,0.8982752950862952
685,Frontal_Inf_Tri_R,"VSA DAS_SA,PC_ABILITY_SCORE",0.049999999999999996,0.650934906509349,15,0.9582637950715969
1121,Frontal_Med_Orb_L,CBCL-anx_prob_score,0.049713229916775376,0.8709129087091291,15,0.9906701637528555
1180,Frontal_Inf_Oper_L,"VSA DAS_SA,word_defn_ABILITY_SCORE",-0.0492592183071889,0.8365163483651635,12,0.9898334490875238
305,Thalamus_R,"VSA DAS_SA,word_defn_ABILITY_SCORE",0.0492592183071889,0.4697530246975302,12,0.8982752950862952
931,Frontal_Inf_Tri_L,"VSA DAS_SA,matrices_ABILITY_SCORE",0.04903682792397758,0.9089091090890911,15,0.9940310316794407
184,Frontal_Sup_Orb_L,CBCL-internalizing_score,0.04900005489449078,0.8029197080291971,15,0.9874622293868175
669,Frontal_Inf_Tri_R,CBCL-attention_prob_score,-0.04878114067282755,0.8787121287871212,15,0.9906701637528555
284,Thalamus_R,CBCL-attention_prob_score,-0.04878114067282755,0.9465053494650535,15,1.0
800,CSF,Vineland-inter_pers_rel_RAW_SCORE,0.048600936360283266,0.952904709529047,15,1.0
281,Thalamus_R,CBCL-anx_prob_score,0.04820676840414582,0.6863313668633136,15,0.9679032096790321
865,Temporal_Mid_R,"VSA DAS_SA,word_defn_ABILITY_SCORE",0.047766514722122566,0.31056894310568944,12,0.8764340957208628
70,Frontal_Sup_L,CBCL-aggr_behav_score,-0.04751520474617288,0.5673432656734326,15,0.9288790747093515
630,Frontal_Mid_L,CBCL-aggr_behav_score,0.04751520474617288,0.3223677632236776,15,0.8764340957208628
1093,Cerebelum_7b_R,CBCL-externalizing_score,0.04726782007299241,0.5187481251874813,15,0.9150218479411505
377,Occipital_Mid_L,Vineland-copy_skills_RAW_SCORE,-0.047128180713001955,0.6905309469053095,15,0.9679032096790321
1360,Occipital_Inf_R,Vineland-inter_pers_rel_RAW_SCORE,-0.047128180713001955,0.8097190280971903,15,0.9874622293868175
438,Occipital_Sup_L,CBCL-thought_prob_score,-0.046450092960697895,0.8231176882311769,15,0.9884187245371434
93,Frontal_Sup_L,"VSA DAS_SA,seq_qr_ABILITY_SCORE",-0.046344082720648466,0.3301669833016698,12,0.8764340957208628
632,Frontal_Mid_L,CBCL-anxious_score,0.04627778465279074,0.36136386361363865,15,0.8764340957208628
480,Occipital_Sup_R,"VSA DAS_SA,word_defn_ABILITY_SCORE",0.04627381113705623,0.34796520347965204,12,0.8764340957208628
332,Precuneus_R,CBCL-stress_prob_score,-0.046169000558225974,0.7961203879612039,15,0.9874622293868175
395,Occipital_Mid_R,CBCL-obsessive_comp_prob_score,0.04605475788647575,0.8747125287471252,15,0.9906701637528555
1155,Frontal_Inf_Oper_L,CBCL-aggr_behav_score,0.04603035459785497,1.0,15,1.0
129,Frontal_Sup_Medial_L,"VSA DAS_SA,verbal_similarities_ABILITY_SCORE",0.04599588783555447,0.6065393460653935,12,0.9437914605904941
201,Frontal_Sup_Orb_L,Vineland-community_RAW_SCORE,-0.04565542506572064,1.0,15,1.0
1158,Frontal_Inf_Oper_L,CBCL-attention_hyper_prob_score,0.04505500067172,0.9681031896810319,15,1.0
347,Precuneus_R,Vineland-play_leisure_RAW_SCORE,-0.04437947515604539,0.9153084691530847,15,0.9941286709187886
1194,Frontal_Inf_Oper_R,CBCL-attention_prob_score,-0.04434649152075232,0.7433256674332567,15,0.986185043973161
523,Precentral_L,Vineland-receptive_RAW_SCORE,0.044313581318430384,0.9239076092390761,15,0.9951927884134664
1314,Frontal_Mid_R,CBCL-total_problems_score,0.044247980125809834,0.6877312268773123,15,0.9679032096790321
100,Frontal_Sup_L,Vineland-inter_pers_rel_RAW_SCORE,-0.044182669418439326,0.49875012498750126,15,0.9027742387051617
790,CSF,"VSA DAS_SA,PC_ABILITY_SCORE",0.044117647058823525,0.6803319668033196,15,0.9659885938383849
1208,Frontal_Inf_Oper_R,CBCL-thought_prob_score,-0.04345331276968513,0.7363263673632636,15,0.986185043973161
403,Occipital_Mid_R,CBCL-thought_prob_score,0.04345331276968513,0.8743125687431257,15,0.9906701637528555
1318,Frontal_Mid_R,"VSA DAS_SA,seq_qr_ABILITY_SCORE",0.04335414189996147,0.2973702629737026,12,0.8754957837549578
337,Precuneus_R,"VSA DAS_SA,rd_ABILITY_SCORE",-0.04335414189996147,0.19098090190980901,12,0.7745623132211273
409,Occipital_Mid_R,"VSA DAS_SA,verbal_similarities_ABILITY_SCORE",-0.04302841120100258,0.29617038296170384,12,0.8754957837549578
1310,Frontal_Mid_R,CBCL-som_comp_score,-0.042779263194649864,0.8905109489051095,15,0.9906701637528555
614,Parietal_Sup_R,CBCL-total_problems_score,0.0427730474549495,0.618938106189381,15,0.9490836239486675
1103,Cerebelum_7b_R,CBCL-thought_prob_score,0.04195492267417875,0.5751424857514249,15,0.930343747234472
1346,Occipital_Inf_R,CBCL-som_prob_score,0.04184137043778615,0.6083391660833917,15,0.9437914605904941
651,Frontal_Mid_L,"VSA DAS_SA,matrices_ABILITY_SCORE",-0.04160700551125371,0.7001299870012999,15,0.9679032096790321
955,Cerebelum_8_R,CBCL-obsessive_comp_prob_score,0.04144928209782818,0.43115688431156884,15,0.8982752950862952
774,CSF,CBCL-attention_prob_score,-0.041390058752702165,0.9139086091390861,15,0.9940310316794407
1384,Frontal_Mid_Orb_R,CBCL-total_problems_score,-0.04129811478408918,0.811918808119188,15,0.9875641454099594
381,Occipital_Mid_L,Vineland-personal_RAW_SCORE,-0.04123715812387671,0.6783321667833216,15,0.9649796441675629
475,Occipital_Sup_R,"VSA DAS_SA,PC_ABILITY_SCORE",0.0411764705882353,0.9419058094190581,15,0.9988705898524455
125,Frontal_Sup_Medial_L,"VSA DAS_SA,PC_ABILITY_SCORE",0.0411764705882353,0.9303069693030697,15,0.9967767438570776
1296,Frontal_Mid_R,CBCL-anx_prob_score,0.04067446084099803,0.6859314068593141,15,0.9679032096790321
571,Parietal_Sup_L,CBCL-oppo_def_prob_score,0.04024207008501437,0.6031396860313969,15,0.9437914605904941
196,Frontal_Sup_Orb_L,"VSA DAS_SA,matrices_ABILITY_SCORE",0.040121041028708934,0.6123387661233877,15,0.9437914605904941
1297,Frontal_Mid_R,CBCL-anxious_score,-0.04010741336575198,0.9311068893110689,15,0.9967767438570776
282,Thalamus_R,CBCL-anxious_score,-0.04010741336575198,0.9545045495450455,15,1.0
514,Precentral_L,"VSA DAS_SA,verbal_similarities_ABILITY_SCORE",-0.04006093456645068,0.9385061493850615,12,0.9967767438570776
1060,Frontal_Inf_Orb_R,CBCL-obsessive_comp_prob_score,0.03991412350161232,0.5317468253174683,15,0.9179353334703522
1338,Occipital_Inf_R,CBCL-externalizing_score,-0.03988222318658735,0.8371162883711629,15,0.9898334490875238
661,Frontal_Mid_L,Vineland-personal_RAW_SCORE,-0.0397644024765954,0.49135086491350866,15,0.9027742387051617
820,Cerebelum_4_5_R,CBCL-som_comp_score,0.03972360153788916,0.45695430456954306,15,0.8982752950862952
1203,Frontal_Inf_Oper_R,CBCL-sluggish_cogn_tempo_score,0.03943590501257003,0.49555044495550443,15,0.9027742387051617
1051,Frontal_Inf_Orb_R,CBCL-anx_prob_score,-0.03916799932836847,0.8691130886911309,15,0.9906701637528555
318,Precuneus_R,CBCL-attention_hyper_prob_score,-0.039047667248824004,0.7757224277572243,15,0.986185043973161
1348,Occipital_Inf_R,CBCL-thought_prob_score,-0.03895814248316599,0.8075192480751925,15,0.9874622293868175
1225,Angular_L,CBCL-aggr_behav_score,-0.038606103856265464,0.8751124887511249,15,0.9906701637528555
1109,Cerebelum_7b_R,"VSA DAS_SA,verbal_similarities_ABILITY_SCORE",-0.038577196249174724,0.09499050094990501,12,0.6906856484162904
487,Occipital_Sup_R,Vineland-play_leisure_RAW_SCORE,0.03846221180190601,0.7847215278472153,15,0.986185043973161
745,Postcentral_R,CBCL-obsessive_comp_prob_score,-0.03837896490539646,0.6647335266473353,15,0.9631958614838106
1324,Frontal_Mid_R,Vineland-expressive_RAW_SCORE,0.038376645040070795,0.8687131286871312,15,0.9906701637528555
1057,Frontal_Inf_Orb_R,CBCL-depressive_prob_score,0.038165492646320305,0.5773422657734226,15,0.930343747234472
176,Frontal_Sup_Orb_L,CBCL-anx_prob_score,-0.037661537815738916,0.8571142885711429,15,0.9906701637528555
1213,Frontal_Inf_Oper_R,"VSA DAS_SA,seq_qr_ABILITY_SCORE",-0.03737426025858748,0.35836416358364165,12,0.8764340957208628
778,CSF,CBCL-externalizing_score,-0.03692798443202532,0.9039096090390961,15,0.9933072626803255
148,Frontal_Sup_Medial_R,CBCL-externalizing_score,-0.03692798443202532,0.5677432256774323,15,0.9288790747093515
730,Frontal_Mid_Orb_L,Vineland-inter_pers_rel_RAW_SCORE,0.03681889118203278,0.6501349865013498,15,0.9580936643177786
1240,Angular_L,CBCL-som_comp_score,0.03666793988112845,0.6679332066793321,15,0.9631958614838106
928,Frontal_Inf_Tri_L,CBCL-thought_prob_score,-0.035961362292153215,0.7321267873212679,15,0.9855552906247838
863,Temporal_Mid_R,"VSA DAS_SA,seq_qr_ABILITY_SCORE",0.03587928984824398,0.258974102589741,12,0.8673773770948264
1250,Angular_L,"VSA DAS_SA,word_defn_ABILITY_SCORE",-0.035824886041591925,0.103989601039896,12,0.6906856484162904
1271,Angular_R,CBCL-oppo_def_prob_score,-0.03577072896445722,0.9503049695030497,15,1.0
546,Parietal_Inf_L,"VSA DAS_SA,matrices_ABILITY_SCORE",0.035663147581074604,0.9131086891310869,15,0.9940310316794407
444,Occipital_Sup_L,"VSA DAS_SA,verbal_similarities_ABILITY_SCORE",-0.03560971961462282,0.48575142485751427,12,0.9027742387051617
759,Postcentral_R,"VSA DAS_SA,verbal_similarities_ABILITY_SCORE",-0.03560971961462282,0.7677232276772322,12,0.986185043973161
389,Occipital_Mid_R,CBCL-attention_prob_score,-0.03547719321660186,0.8989101089891011,15,0.9932078276854168
230,Temporal_Pole_Mid_R,"VSA DAS_SA,PC_ABILITY_SCORE",0.03529411764705882,0.9947005299470053,15,1.0
106,Frontal_Sup_Medial_L,CBCL-anx_prob_score,-0.0346486147904798,0.8237176282371763,15,0.9884187245371434
120,Frontal_Sup_Medial_L,CBCL-som_comp_score,0.03361227822436775,0.4961503849615039,15,0.9027742387051617
995,Cerebelum_Crus2_R,CBCL-som_comp_score,0.03361227822436775,0.4293570642935706,15,0.8982752950862952
707,Frontal_Mid_Orb_L,CBCL-depressive_prob_score,0.033585633528761864,0.9003099690030997,15,0.9932078276854168
996,Cerebelum_Crus2_R,CBCL-som_prob_score,-0.033473096350228916,0.6015398460153984,15,0.9437914605904941
891,Temporal_Inf_R,CBCL-som_prob_score,0.033473096350228916,0.6787321267873213,15,0.9649796441675629
226,Temporal_Pole_Mid_R,CBCL-som_prob_score,-0.033473096350228916,0.8729127087291271,15,0.9906701637528555
1018,Cerebelum_10_R,CBCL-attention_hyper_prob_score,-0.033040333825928,0.8857114288571143,15,0.9906701637528555
501,Precentral_L,CBCL-oppo_def_prob_score,0.03278983488408578,0.5903409659034097,15,0.9370491522276344
126,Frontal_Sup_Medial_L,"VSA DAS_SA,matrices_ABILITY_SCORE",-0.03269121861598505,0.7957204279572043,15,0.9874622293868175
875,Temporal_Inf_R,CBCL-aggr_behav_score,-0.03266670326299385,0.9197080291970803,15,0.9944951450800866
619,Parietal_Sup_R,"VSA DAS_SA,verbal_similarities_ABILITY_SCORE",-0.03264224298007092,0.270972902709729,12,0.8700475243955426
732,Frontal_Mid_Orb_L,Vineland-play_leisure_RAW_SCORE,-0.03254494844776662,0.47795220477952205,15,0.9027742387051617
1182,Frontal_Inf_Oper_L,Vineland-copy_skills_RAW_SCORE,-0.032400624240188844,0.5977402259774023,15,0.9413231905155942
555,Parietal_Inf_L,Vineland-inter_pers_rel_RAW_SCORE,-0.032400624240188844,0.44555544445555445,15,0.8982752950862952
1356,Occipital_Inf_R,Vineland-community_RAW_SCORE,-0.032400624240188844,0.8577142285771423,15,0.9906701637528555
901,Temporal_Inf_R,Vineland-community_RAW_SCORE,-0.032400624240188844,0.5305469453054694,15,0.9179353334703522
979,Cerebelum_8_R,Vineland-written_RAW_SCORE,-0.03237675637378931,0.36476352364763526,15,0.8764340957208628
265,Frontal_Sup_R,"VSA DAS_SA,PC_ABILITY_SCORE",0.032352941176470584,0.9931006899310069,15,1.0
90,Frontal_Sup_L,"VSA DAS_SA,PC_ABILITY_SCORE",0.032352941176470584,0.8833116688331167,15,0.9906701637528555
1132,Frontal_Med_Orb_L,CBCL-rule_break_behav_score,0.0314182617538873,0.8363163683631637,15,0.9898334490875238
340,Precuneus_R,"VSA DAS_SA,word_defn_ABILITY_SCORE",0.03134677528639293,0.42755724427557246,12,0.8982752950862952
122,Frontal_Sup_Medial_L,CBCL-stress_prob_score,-0.03127577457170147,0.7691230876912308,15,0.986185043973161
787,CSF,CBCL-stress_prob_score,0.03127577457170147,0.8817118288171183,15,0.9906701637528555
554,Parietal_Inf_L,Vineland-expressive_RAW_SCORE,-0.030996520993903334,0.42975702429757023,15,0.8982752950862952
1394,Frontal_Mid_Orb_R,Vineland-expressive_RAW_SCORE,-0.030996520993903334,0.6367363263673632,15,0.9564708765174984
205,Frontal_Sup_Orb_L,Vineland-inter_pers_rel_RAW_SCORE,0.03092786859290753,0.7907209279072093,15,0.9874622293868175
142,Frontal_Sup_Medial_R,CBCL-anxious_score,-0.030851856435193822,0.5865413458654135,15,0.9350428593504286
1380,Frontal_Mid_Orb_R,CBCL-som_comp_score,-0.030556616567607043,0.7017298270172982,15,0.9679032096790321
917,Frontal_Inf_Tri_L,CBCL-depressive_prob_score,0.030532394117056237,0.46915308469153083,15,0.8982752950862952
1215,Frontal_Inf_Oper_R,"VSA DAS_SA,word_defn_ABILITY_SCORE",-0.029854071701326604,0.40135986401359863,12,0.8982752950862952
964,Cerebelum_8_R,CBCL-total_problems_score,-0.029498653417206554,0.6139386061393861,15,0.9437914605904941
971,Cerebelum_8_R,Vineland-community_RAW_SCORE,0.029455112945626218,0.521947805219478,15,0.9150645484764882
1173,Frontal_Inf_Oper_L,CBCL-thought_prob_score,-0.02846941181462129,0.8313168683131686,15,0.9896629384680579
53,Postcentral_L,CBCL-thought_prob_score,0.02846941181462129,0.6967303269673033,15,0.9679032096790321
647,Frontal_Mid_L,CBCL-stress_prob_score,-0.028297129374396567,0.5347465253474653,15,0.9187330960906358
1342,Occipital_Inf_R,CBCL-rule_break_behav_score,-0.02692993864618912,0.7809219078092191,15,0.986185043973161
95,Frontal_Sup_L,"VSA DAS_SA,word_defn_ABILITY_SCORE",0.026868664531193947,0.3731626837316268,12,0.8764340957208628
1067,Frontal_Inf_Orb_R,CBCL-stress_prob_score,0.026807806775744118,0.6465353464653535,15,0.9570381212669038
592,Parietal_Sup_L,Vineland-play_leisure_RAW_SCORE,-0.02662768509362724,0.36296370362963704,15,0.8764340957208628
663,Frontal_Mid_L,Vineland-receptive_RAW_SCORE,0.026588148791058232,0.6521347865213478,15,0.9583092058055475
1233,Angular_L,CBCL-externalizing_score,0.026588148791058232,0.6613338666133387,15,0.9617314488696509
695,Frontal_Inf_Tri_R,Vineland-inter_pers_rel_RAW_SCORE,-0.0265096016510636,0.9829017098290171,15,1.0
545,Parietal_Inf_L,"VSA DAS_SA,PC_ABILITY_SCORE",-0.02647058823529412,0.7007299270072993,15,0.9679032096790321
650,Frontal_Mid_L,"VSA DAS_SA,PC_ABILITY_SCORE",-0.02647058823529412,0.8227177282271773,15,0.9884187245371434
1370,Frontal_Mid_Orb_R,CBCL-conduct_prob_score,0.02576941016011038,0.571942805719428,15,0.930343747234472
858,Temporal_Mid_R,CBCL-thought_prob_score,-0.025472631623608525,0.9613038696130387,15,1.0
1179,Frontal_Inf_Oper_L,"VSA DAS_SA,verbal_similarities_ABILITY_SCORE",0.025223551393691163,0.8563143685631437,12,0.9906701637528555
1276,Angular_R,CBCL-som_prob_score,-0.02510482226267169,0.9707029297070293,15,1.0
694,Frontal_Inf_Tri_R,Vineland-expressive_RAW_SCORE,0.025092421756969366,0.8771122887711229,15,0.9906701637528555
136,Frontal_Sup_Medial_L,Vineland-personal_RAW_SCORE,0.025036846003782285,0.7425257474252575,15,0.986185043973161
220,Temporal_Pole_Mid_R,CBCL-obsessive_comp_prob_score,-0.024562537539453734,0.7135286471352865,15,0.9726778052477129
260,Frontal_Sup_R,CBCL-som_comp_score,0.024445293254085634,0.7287271272872713,15,0.9838167581506073
15,Frontal_Sup_Orb_R,CBCL-som_comp_score,0.024445293254085634,0.5723427657234277,15,0.930343747234472
753,Postcentral_R,CBCL-thought_prob_score,0.023974241528102142,0.5345465453454654,15,0.9187330960906358
897,Temporal_Inf_R,"VSA DAS_SA,rd_ABILITY_SCORE",-0.023919526565495987,0.025997400259974,12,0.4666200046662
585,Parietal_Sup_L,"VSA DAS_SA,word_defn_ABILITY_SCORE",0.023883257361061283,0.20737926207379262,12,0.8014583157068909
1012,Cerebelum_Crus2_R,Vineland-play_leisure_RAW_SCORE,0.023669053416557544,0.5027497250274973,15,0.905855360409905
848,Temporal_Mid_R,CBCL-externalizing_score,-0.023633910036496206,0.9897010298970103,15,1.0
1077,Frontal_Inf_Orb_R,Vineland-copy_skills_RAW_SCORE,0.023564090356500977,0.49335066493350666,15,0.9027742387051617
1322,Frontal_Mid_R,Vineland-copy_skills_RAW_SCORE,0.023564090356500977,0.7565243475652434,15,0.986185043973161
510,Precentral_L,"VSA DAS_SA,PC_ABILITY_SCORE",-0.023529411764705882,0.8795120487951205,15,0.9906701637528555
20,Frontal_Sup_Orb_R,"VSA DAS_SA,PC_ABILITY_SCORE",0.023529411764705882,0.5149485051494851,15,0.9129213660912389
777,CSF,CBCL-depressive_prob_score,-0.02289929558779218,0.9577042295770423,15,1.0
963,Cerebelum_8_R,CBCL-thought_prob_score,0.02247585143259576,0.5069493050694931,15,0.9108948260103568
654,Frontal_Mid_L,"VSA DAS_SA,verbal_similarities_ABILITY_SCORE",0.022256074759139263,0.9577042295770423,12,1.0
323,Precuneus_R,CBCL-externalizing_score,-0.022156790659215192,0.8711128887111289,15,0.9906701637528555
939,Frontal_Inf_Tri_L,Vineland-expressive_RAW_SCORE,-0.02214037213850238,0.5263473652634737,15,0.9179353334703522
430,Occipital_Sup_L,CBCL-obsessive_comp_prob_score,-0.021492220347022018,0.7631236876312368,15,0.986185043973161
295,Thalamus_R,CBCL-som_comp_score,-0.021389631597324932,0.9741025897410259,15,1.0
812,Cerebelum_4_5_R,CBCL-depressive_prob_score,-0.02137267588193937,0.6137386261373863,15,0.9437914605904941
773,CSF,CBCL-attention_hyper_prob_score,-0.021025666980136002,0.9737026297370263,15,1.0
25,Frontal_Sup_Orb_R,"VSA DAS_SA,word_defn_ABILITY_SCORE",0.020897850190928626,0.35196480351964804,12,0.8764340957208628
165,Frontal_Sup_Medial_R,"VSA DAS_SA,word_defn_ABILITY_SCORE",0.020897850190928626,0.38016198380161986,12,0.8840976367479533
1236,Angular_L,CBCL-oppo_def_prob_score,0.020866258562600045,0.7561243875612439,15,0.986185043973161
1166,Frontal_Inf_Oper_L,CBCL-oppo_def_prob_score,-0.020866258562600045,0.7755224477552245,15,0.986185043973161
1242,Angular_L,CBCL-stress_prob_score,-0.020850516381134315,0.813918608139186,15,0.9876655315404335
805,Cerebelum_4_5_R,CBCL-aggr_behav_score,-0.020787902076450634,0.6027397260273972,15,0.9437914605904941
1082,Frontal_Inf_Orb_R,Vineland-play_leisure_RAW_SCORE,0.020710421739487853,0.48975102489751027,15,0.9027742387051617
101,Frontal_Sup_L,Vineland-personal_RAW_SCORE,-0.020618579061938355,0.5509449055094491,15,0.9242086544033769
985,Cerebelum_Crus2_R,CBCL-conduct_prob_score,0.019706019534202056,0.4193580641935806,15,0.8982752950862952
1037,Cerebelum_10_R,"VSA DAS_SA,rd_ABILITY_SCORE",0.01943461533446549,0.4771522847715228,12,0.9027742387051617
1359,Occipital_Inf_R,Vineland-expressive_RAW_SCORE,-0.019188322520035397,0.9025097490250975,15,0.9932078276854168
1220,Frontal_Inf_Oper_R,Vineland-inter_pers_rel_RAW_SCORE,-0.019145823414657044,0.7681231876812319,15,0.986185043973161
307,Thalamus_R,Vineland-copy_skills_RAW_SCORE,0.019145823414657044,0.9997000299970003,15,1.0
1112,Cerebelum_7b_R,Vineland-copy_skills_RAW_SCORE,0.019145823414657044,0.4941505849415059,15,0.9027742387051617
807,Cerebelum_4_5_R,CBCL-anxious_score,0.018511113861116296,0.46035396460353967,15,0.8982752950862952
795,CSF,"VSA DAS_SA,word_defn_ABILITY_SCORE",0.017912443020795962,0.2933706629337066,12,0.8754957837549578
354,Occipital_Mid_L,CBCL-attention_prob_score,-0.01773859660830093,0.7427257274272573,15,0.986185043973161
673,Frontal_Inf_Tri_R,CBCL-externalizing_score,0.017725432527372156,0.7563243675632437,15,0.986185043973161
838,Cerebelum_4_5_R,Vineland-receptive_RAW_SCORE,-0.017725432527372156,0.7543245675432457,15,0.986185043973161
1000,Cerebelum_Crus2_R,"VSA DAS_SA,PC_ABILITY_SCORE",0.01764705882352941,0.7555244475552445,15,0.986185043973161
10,Frontal_Sup_Orb_R,CBCL-obsessive_comp_prob_score,-0.01688674455837444,0.6971302869713029,15,0.9679032096790321
435,Occipital_Sup_L,CBCL-som_comp_score,0.016806139112183874,0.6307369263073692,15,0.9526280956403821
646,Frontal_Mid_L,CBCL-som_prob_score,0.016736548175114458,0.45895410458954106,15,0.8982752950862952
992,Cerebelum_Crus2_R,CBCL-rule_break_behav_score,0.016457184728226684,0.41775822417758224,15,0.8982752950862952
81,Frontal_Sup_L,CBCL-oppo_def_prob_score,-0.01639491744204289,0.5121487851214879,15,0.9129213660912389
441,Occipital_Sup_L,"VSA DAS_SA,matrices_ABILITY_SCORE",0.016345609307992524,0.8639136086391361,15,0.9906701637528555
1289,Angular_R,Vineland-expressive_RAW_SCORE,-0.016236272901568413,0.7723227677232277,15,0.986185043973161
1193,Frontal_Inf_Oper_R,CBCL-attention_hyper_prob_score,-0.015018333557239999,0.6377362263773623,15,0.9569461060324836
1108,Cerebelum_7b_R,"VSA DAS_SA,seq_qr_ABILITY_SCORE",-0.01494970410343499,0.14158584141585842,12,0.7508340075083401
641,Frontal_Mid_L,CBCL-oppo_def_prob_score,-0.014904470401857172,0.48735126487351266,15,0.9027742387051617
892,Temporal_Inf_R,CBCL-stress_prob_score,-0.01489322598652451,0.823917608239176,15,0.9884187245371434
234,Temporal_Pole_Mid_R,"VSA DAS_SA,verbal_similarities_ABILITY_SCORE",-0.014837383172759509,0.7031296870312969,12,0.9682020981775963
1049,Cerebelum_10_R,Vineland-written_RAW_SCORE,0.014716707442631503,0.5485451454854514,15,0.9242086544033769
160,Frontal_Sup_Medial_R,"VSA DAS_SA,PC_ABILITY_SCORE",-0.014705882352941175,0.6223377662233777,15,0.9519658721150785
105,Frontal_Sup_Medial_L,CBCL-aggr_behav_score,-0.013363651334861122,0.6983301669833016,15,0.9679032096790321
829,Cerebelum_4_5_R,"VSA DAS_SA,verbal_similarities_ABILITY_SCORE",-0.013353644855483559,0.36136386361363865,12,0.8764340957208628
764,Postcentral_R,Vineland-expressive_RAW_SCORE,0.01328422328310143,0.9059094090590941,15,0.9939444926980656
311,Thalamus_R,Vineland-personal_RAW_SCORE,0.0132548008255318,0.9651034896510349,15,1.0
866,Temporal_Mid_R,Vineland-community_RAW_SCORE,0.0132548008255318,0.9145085491450855,15,0.9940310316794407
38,Postcentral_L,CBCL-attention_hyper_prob_score,0.012014666845792001,0.7649235076492351,15,0.986185043973161
283,Thalamus_R,CBCL-attention_hyper_prob_score,-0.012014666845792001,0.9105089491050895,15,0.9940310316794407
883,Temporal_Inf_R,CBCL-externalizing_score,-0.011816955018248103,0.8585141485851415,15,0.9906701637528555
380,Occipital_Mid_L,Vineland-inter_pers_rel_RAW_SCORE,0.011782045178250489,0.8833116688331167,15,0.9906701637528555
486,Occipital_Sup_R,Vineland-personal_RAW_SCORE,-0.011782045178250489,0.5647435256474352,15,0.9288790747093515
540,Parietal_Inf_L,CBCL-som_comp_score,-0.010694815798662466,0.5847415258474152,15,0.9345184203040883
1278,Angular_R,CBCL-thought_prob_score,0.010488730668544688,0.8309169083091691,15,0.9896629384680579
420,Occipital_Sup_L,CBCL-aggr_behav_score,0.010393951038225317,0.6603339666033397,15,0.9617314488696509
173,Frontal_Sup_Medial_R,Vineland-receptive_RAW_SCORE,-0.01033983564096709,0.841915808419158,15,0.9906701637528555
27,Frontal_Sup_Orb_R,Vineland-copy_skills_RAW_SCORE,-0.010309289530969178,0.49855014498550143,15,0.9027742387051617
726,Frontal_Mid_Orb_L,Vineland-community_RAW_SCORE,0.010309289530969178,0.5549445055494451,15,0.9254722565793361
1395,Frontal_Mid_Orb_R,Vineland-inter_pers_rel_RAW_SCORE,-0.010309289530969178,0.6441355864413558,15,0.9570381212669038
34,Frontal_Sup_Orb_R,Vineland-written_RAW_SCORE,-0.010301695209842055,0.4677532246775322,15,0.8982752950862952
1367,Frontal_Mid_Orb_R,CBCL-anxious_score,-0.009255556930558148,0.6675332466753324,15,0.9631958614838106
957,Cerebelum_8_R,CBCL-rule_break_behav_score,-0.008976646215396372,0.521947805219478,15,0.9150645484764882
962,Cerebelum_8_R,CBCL-stress_prob_score,0.008935935591914706,0.5081491850814919,15,0.9108948260103568
581,Parietal_Sup_L,"VSA DAS_SA,matrices_ABILITY_SCORE",0.008915786895268651,1.0,15,1.0
24,Frontal_Sup_Orb_R,"VSA DAS_SA,verbal_similarities_ABILITY_SCORE",-0.008902429903655706,0.26377362263773624,12,0.8700475243955426
1187,Frontal_Inf_Oper_L,Vineland-play_leisure_RAW_SCORE,-0.008875895031209079,0.6945305469453055,15,0.9679032096790321
1255,Angular_L,Vineland-inter_pers_rel_RAW_SCORE,-0.008836533883687867,0.7385261473852615,15,0.986185043973161
867,Temporal_Mid_R,Vineland-copy_skills_RAW_SCORE,0.008836533883687867,0.8707129287071292,15,0.9906701637528555
1210,Frontal_Inf_Oper_R,"VSA DAS_SA,PC_ABILITY_SCORE",0.008823529411764706,0.8009199080091991,15,0.9874622293868175
1385,Frontal_Mid_Orb_R,"VSA DAS_SA,PC_ABILITY_SCORE",0.008823529411764706,0.4821517848215178,15,0.9027742387051617
506,Precentral_L,CBCL-som_prob_score,-0.008368274087557229,0.6987301269873013,15,0.9679032096790321
401,Occipital_Mid_R,CBCL-som_prob_score,-0.008368274087557229,1.0,15,1.0
786,CSF,CBCL-som_prob_score,-0.008368274087557229,1.0,15,1.0
532,Parietal_Inf_L,CBCL-depressive_prob_score,0.007633098529264059,0.5713428657134286,15,0.930343747234472
198,Frontal_Sup_Orb_L,"VSA DAS_SA,seq_qr_ABILITY_SCORE",-0.007474852051717495,0.3595640435956404,12,0.8764340957208628
233,Temporal_Pole_Mid_R,"VSA DAS_SA,seq_qr_ABILITY_SCORE",0.007474852051717495,0.7527247275272473,12,0.986185043973161
78,Frontal_Sup_L,CBCL-externalizing_score,-0.007385596886405063,0.49135086491350866,15,0.9027742387051617
68,Postcentral_L,Vineland-receptive_RAW_SCORE,0.007385596886405063,0.795920407959204,15,0.9874622293868175
1345,Occipital_Inf_R,CBCL-som_comp_score,-0.006111323313521409,0.7427257274272573,15,0.986185043973161
1195,Frontal_Inf_Oper_R,CBCL-conduct_prob_score,0.006063390625908324,0.6487351264873512,15,0.9570381212669038
353,Occipital_Mid_L,CBCL-attention_hyper_prob_score,0.0060073334228960005,0.8173182681731826,15,0.9884187245371434
406,Occipital_Mid_R,"VSA DAS_SA,matrices_ABILITY_SCORE",0.005943857930179101,0.7751224877512248,15,0.986185043973161
590,Parietal_Sup_L,Vineland-inter_pers_rel_RAW_SCORE,0.005891022589125244,0.45255474452554745,15,0.8982752950862952
1084,Frontal_Inf_Orb_R,Vineland-written_RAW_SCORE,0.005886682977052602,0.46495350464953505,15,0.8982752950862952
885,Temporal_Inf_R,CBCL-obsessive_comp_prob_score,-0.004605475788647575,0.797920207979202,15,0.9874622293868175
217,Temporal_Pole_Mid_R,CBCL-depressive_prob_score,0.0045798591175584364,0.6853314668533147,15,0.9679032096790321
497,Precentral_L,CBCL-depressive_prob_score,-0.0045798591175584364,0.7093290670932907,15,0.970733816158951
338,Precuneus_R,"VSA DAS_SA,seq_qr_ABILITY_SCORE",0.004484911231030497,0.42195780421957807,12,0.8982752950862952
722,Frontal_Mid_Orb_L,"VSA DAS_SA,rd_ABILITY_SCORE",-0.004484911231030497,0.43955604439556045,12,0.8982752950862952
507,Precentral_L,CBCL-stress_prob_score,0.004467967795957353,0.7157284271572842,15,0.9737801730031078
1347,Occipital_Inf_R,CBCL-stress_prob_score,0.004467967795957353,0.6767323267673233,15,0.9649796441675629
665,Frontal_Inf_Tri_R,CBCL-aggr_behav_score,0.004454550444953707,0.7703229677032297,15,0.986185043973161
549,Parietal_Inf_L,"VSA DAS_SA,verbal_similarities_ABILITY_SCORE",0.004451214951827853,0.18918108189181082,12,0.7745623132211273
39,Postcentral_L,CBCL-attention_prob_score,-0.004434649152075232,0.835916408359164,15,0.9898334490875238
999,Cerebelum_Crus2_R,CBCL-total_problems_score,0.004424798012580983,0.4497550244975502,15,0.8982752950862952
521,Precentral_L,Vineland-personal_RAW_SCORE,-0.004418266941843933,0.8109189081091891,15,0.9875641454099594
450,Occipital_Sup_L,Vineland-inter_pers_rel_RAW_SCORE,0.004418266941843933,0.7507249275072493,15,0.986185043973161
1081,Frontal_Inf_Orb_R,Vineland-personal_RAW_SCORE,0.004418266941843933,0.44455554444555545,15,0.8982752950862952
1335,Occipital_Inf_R,CBCL-conduct_prob_score,-0.003031695312954162,0.7083291670832916,15,0.9703139275113584
14,Frontal_Sup_Orb_R,CBCL-social_prob_score,-0.0030106009262434296,0.688931106889311,15,0.9679032096790321
1377,Frontal_Mid_Orb_R,CBCL-rule_break_behav_score,-0.0029922154051321244,0.6835316468353164,15,0.9679032096790321
1202,Frontal_Inf_Oper_R,CBCL-rule_break_behav_score,-0.0029922154051321244,0.6733326667333267,15,0.9649796441675629
525,Parietal_Inf_L,CBCL-aggr_behav_score,0.002969700296635805,0.5631436856314369,15,0.9275307763341313
30,Frontal_Sup_Orb_R,Vineland-inter_pers_rel_RAW_SCORE,0.002945511294562622,0.5151484851514848,15,0.9129213660912389
797,CSF,Vineland-copy_skills_RAW_SCORE,-0.002945511294562622,0.8851114888511149,15,0.9906701637528555
221,Temporal_Pole_Mid_R,CBCL-oppo_def_prob_score,0.0014904470401857174,0.7345265473452655,15,0.986185043973161
1085,Cerebelum_7b_R,CBCL-aggr_behav_score,0.0014848501483179025,0.6611338866113389,15,0.9617314488696509
700,Frontal_Mid_Orb_L,CBCL-aggr_behav_score,0.0014848501483179025,0.7723227677232277,15,0.986185043973161
1058,Frontal_Inf_Orb_R,CBCL-externalizing_score,0.001477119377281013,0.7647235276472353,15,0.986185043973161
202,Frontal_Sup_Orb_L,Vineland-copy_skills_RAW_SCORE,0.001472755647281311,0.8597140285971403,15,0.9906701637528555
1115,Cerebelum_7b_R,Vineland-inter_pers_rel_RAW_SCORE,0.001472755647281311,0.43915608439156084,15,0.8982752950862952
907,Temporal_Inf_R,Vineland-play_leisure_RAW_SCORE,0.0,0.6005399460053995,15,0.9437914605904941
1035,Cerebelum_10_R,"VSA DAS_SA,PC_ABILITY_SCORE",0.0,0.5189481051894811,15,0.9150218479411505
834,Cerebelum_4_5_R,Vineland-expressive_RAW_SCORE,0.0,0.7411258874112588,15,0.986185043973161
