,Frontal_Sup_Orb_R,Postcentral_L,Frontal_Sup_L,Frontal_Sup_Medial_L,Frontal_Sup_Medial_R,Frontal_Sup_Orb_L,Temporal_Pole_Mid_R,Frontal_Sup_R,Thalamus_R,Precuneus_R,Occipital_Mid_L,Occipital_Mid_R,Occipital_Sup_L,Occipital_Sup_R,Precentral_L,Parietal_Inf_L,Parietal_Sup_L,Parietal_Sup_R,Frontal_Mid_L,Frontal_Inf_Tri_R,Frontal_Mid_Orb_L,Postcentral_R,CSF,Cerebelum_4_5_R,Temporal_Mid_R,Temporal_Inf_R,Frontal_Inf_Tri_L,Cerebelum_8_R,Cerebelum_Crus2_R,Cerebelum_10_R,Frontal_Inf_Orb_R,Cerebelum_7b_R,Frontal_Med_Orb_L,Frontal_Inf_Oper_L,Frontal_Inf_Oper_R,Angular_L,Angular_R,Frontal_Mid_R,Occipital_Inf_R,Frontal_Mid_Orb_R,CBCL-aggr_behav_score,CBCL-anx_prob_score,CBCL-anxious_score,CBCL-attention_hyper_prob_score,CBCL-attention_prob_score,CBCL-conduct_prob_score,CBCL-depressed_score,CBCL-depressive_prob_score,CBCL-externalizing_score,CBCL-internalizing_score,CBCL-obsessive_comp_prob_score,CBCL-oppo_def_prob_score,CBCL-rule_break_behav_score,CBCL-sluggish_cogn_tempo_score,CBCL-social_prob_score,CBCL-som_comp_score,CBCL-som_prob_score,CBCL-stress_prob_score,CBCL-thought_prob_score,CBCL-total_problems_score,"VSA DAS_SA,PC_ABILITY_SCORE","VSA DAS_SA,matrices_ABILITY_SCORE","VSA DAS_SA,rd_ABILITY_SCORE","VSA DAS_SA,seq_qr_ABILITY_SCORE","VSA DAS_SA,verbal_similarities_ABILITY_SCORE","VSA DAS_SA,word_defn_ABILITY_SCORE",Vineland-community_RAW_SCORE,Vineland-copy_skills_RAW_SCORE,Vineland-domestic_RAW_SCORE,Vineland-expressive_RAW_SCORE,Vineland-fine_motor_RAW_SCORE,Vineland-gross_motor_RAW_SCORE,Vineland-inter_pers_rel_RAW_SCORE,Vineland-personal_RAW_SCORE,Vineland-play_leisure_RAW_SCORE,Vineland-receptive_RAW_SCORE,Vineland-written_RAW_SCORE,"V24 ADOS_Derived,restricted_repetitive_behavior_total","V36 ADOS_Derived,restricted_repetitive_behavior_total","V37Plus ADOS_Derived,restricted_repetitive_behavior_total","V24 ADOS_Derived,severity_score_lookup","V36 ADOS_Derived,severity_score_lookup","V37Plus ADOS_Derived,severity_score_lookup","V24 ADOS_Derived,social_affect_restricted_repetitive_behavior_total","V36 ADOS_Derived,social_affect_restricted_repetitive_behavior_total","V37Plus ADOS_Derived,social_affect_restricted_repetitive_behavior_total","V24 ADOS_Derived,social_affect_total","V36 ADOS_Derived,social_affect_total","V37Plus ADOS_Derived,social_affect_total"
Frontal_Sup_Orb_R,1.0,0.3735294117647059,0.4794117647058824,0.5411764705882353,0.4294117647058823,0.6676470588235294,0.7411764705882353,0.38823529411764707,0.38235294117647056,0.2911764705882353,0.4147058823529412,0.6058823529411764,0.5529411764705882,0.5088235294117647,0.4058823529411764,0.5941176470588235,0.5735294117647058,0.6264705882352941,0.5205882352941177,0.5735294117647058,0.6588235294117648,0.5764705882352941,0.4382352941176471,0.5617647058823529,0.5588235294117647,0.6558823529411765,0.6382352941176471,0.4205882352941176,0.6294117647058822,0.032352941176470584,0.7588235294117647,0.6558823529411765,0.5764705882352941,0.2088235294117647,0.2764705882352941,0.4735294117647058,0.6176470588235293,0.6764705882352942,0.45,0.7264705882352941,-0.39793983974919783,-0.22596922689443352,-0.28537967202554293,-0.636777342826976,-0.6031122846822315,-0.20463943362440595,0.28034568842540136,-0.0503784502931428,-0.33678321802007094,0.07275765726757721,-0.01688674455837444,-0.49631886438184386,-0.24835387862596628,0.17825029065681652,-0.0030106009262434296,0.024445293254085634,-0.35146751167740364,-0.363394714071198,-0.47199288008451096,-0.40855634982831074,0.023529411764705882,-0.13819469687666408,-0.14052721857228892,0.1644467451377849,-0.008902429903655706,0.020897850190928626,-0.15611209861181896,-0.010309289530969178,-0.16814232447807737,-0.23025987024042477,0.1251209392609757,0.1251209392609757,0.002945511294562622,-0.2135495688557901,-0.18343516397832094,0.36189424743384807,-0.010301695209842055,,,,,,,,,,,,
Postcentral_L,0.3735294117647059,1.0,0.75,0.7617647058823529,0.7205882352941175,0.28529411764705886,0.7764705882352941,0.8529411764705882,0.6764705882352942,0.6941176470588235,0.8529411764705882,0.8147058823529412,0.8323529411764706,0.7617647058823529,0.9235294117647058,0.8558823529411764,0.8205882352941177,0.7911764705882354,0.8558823529411764,0.6823529411764706,0.4941176470588235,0.9,0.6911764705882353,0.7705882352941176,0.7441176470588236,0.7588235294117647,0.8264705882352942,0.5352941176470588,0.75,0.4264705882352941,0.6264705882352941,0.7294117647058823,0.6323529411764706,0.6558823529411765,0.7000000000000001,0.7617647058823529,0.8941176470588235,0.7470588235294118,0.7323529411764707,0.7058823529411764,0.2568790756589971,0.3223827637027251,0.36096672029176774,0.012014666845792001,-0.004434649152075232,0.3304547891120037,0.45846587720397125,0.1480821114677228,0.3249662630018228,0.5241521023562195,-0.06447666104106604,0.13264978657652884,0.4024529719902707,0.25554466448145374,0.44707423754714926,0.18181186857726192,0.10878756313824399,0.06850883953801275,0.02846941181462129,0.4011816864740091,-0.17941176470588235,-0.06984033067960442,-0.42606656694789724,-0.25115502893770786,-0.12166654201662798,-0.2642085345567405,-0.22091334709219665,-0.3726071787621717,-0.4336302052329364,0.05756496756010619,-0.2588709088158118,-0.2588709088158118,-0.20176752367753958,-0.12518423001891144,-0.23964916584264512,0.007385596886405063,-0.4459162355117346,,,,,,,,,,,,
Frontal_Sup_L,0.4794117647058824,0.75,1.0,0.911764705882353,0.9088235294117648,0.28823529411764703,0.7264705882352941,0.7999999999999999,0.7000000000000001,0.6411764705882352,0.6323529411764706,0.6294117647058822,0.7323529411764707,0.45294117647058824,0.8529411764705882,0.6382352941176471,0.6647058823529411,0.5676470588235295,0.9264705882352942,0.6294117647058822,0.33529411764705885,0.7470588235294118,0.6058823529411764,0.75,0.6705882352941177,0.8029411764705883,0.6558823529411765,0.611764705882353,0.6764705882352942,0.45,0.6176470588235293,0.6352941176470589,0.5911764705882353,0.5411764705882353,0.6264705882352941,0.7794117647058825,0.6647058823529411,0.6558823529411765,0.6823529411764706,0.6205882352941177,-0.04751520474617288,-0.05875199899255271,-0.0709592698009458,-0.237289670204392,-0.1433869892504325,0.12429950783112066,0.43213506668887836,-0.12365619617407778,-0.007385596886405063,0.3430003842614354,-0.2533011683756166,-0.01639491744204289,0.10622364688219041,0.13565951324324088,0.10838163334476347,0.09166984970282113,0.09205101496312953,-0.10574190450432402,-0.1663213006012086,0.07817143155559737,0.032352941176470584,0.06389647274942534,-0.09268816544129693,-0.046344082720648466,0.22997943917777242,0.026868664531193947,-0.08247431624775342,-0.28866010686713695,-0.43952993591637773,0.19188322520035397,-0.4012499086645083,-0.4012499086645083,-0.044182669418439326,-0.020618579061938355,-0.07100716024967263,0.11078395329607596,-0.17071380633452546,,,,,,,,,,,,
Frontal_Sup_Medial_L,0.5411764705882353,0.7617647058823529,0.911764705882353,1.0,0.8558823529411764,0.4852941176470588,0.7764705882352941,0.8147058823529412,0.6235294117647059,0.6205882352941177,0.7058823529411764,0.6294117647058822,0.7735294117647058,0.4823529411764706,0.9058823529411765,0.6029411764705882,0.6,0.5823529411764706,0.9264705882352942,0.6470588235294118,0.4764705882352941,0.7911764705882354,0.5676470588235295,0.7029411764705883,0.6735294117647058,0.7235294117647059,0.7323529411764707,0.5676470588235295,0.6176470588235293,0.4176470588235294,0.7147058823529412,0.5823529411764706,0.65,0.5529411764705882,0.6352941176470589,0.6705882352941177,0.7088235294117646,0.6794117647058824,0.6911764705882353,0.5941176470588235,-0.013363651334861122,-0.0346486147904798,-0.07558704826622487,-0.252308003761632,-0.23651462144401236,0.17432248049486435,0.312871983767575,-0.058011548822406854,0.053176297582116464,0.24054572402750019,-0.2256683136437312,-0.07899369312984302,0.14512244714890804,0.05678770321810084,0.08881272732418116,0.03361227822436775,-0.07531446678801508,-0.03127577457170147,-0.14684222935962563,0.0693218355304354,0.0411764705882353,-0.03269121861598505,-0.30198402288938686,-0.1793964492412199,0.04599588783555447,-0.13583602624103605,-0.11192942919337963,-0.3048604189872314,-0.4424798012580983,0.18155105153571952,-0.24592736337502122,-0.24592736337502122,-0.10456565095697308,0.025036846003782285,-0.15976611056176343,0.10192123703238987,-0.15894044038042027,,,,,,,,,,,,
Frontal_Sup_Medial_R,0.4294117647058823,0.7205882352941175,0.9088235294117648,0.8558823529411764,1.0,0.2823529411764706,0.6352941176470589,0.8470588235294119,0.6970588235294117,0.7529411764705882,0.6,0.6529411764705881,0.711764705882353,0.4617647058823529,0.7911764705882354,0.6147058823529412,0.5676470588235295,0.5794117647058823,0.8352941176470589,0.7352941176470589,0.3911764705882353,0.7705882352941176,0.7000000000000001,0.8411764705882352,0.7294117647058823,0.7852941176470588,0.6,0.6676470588235294,0.7000000000000001,0.39999999999999997,0.5852941176470587,0.6088235294117647,0.5823529411764706,0.4558823529411765,0.7676470588235293,0.7676470588235293,0.6558823529411765,0.6823529411764706,0.6647058823529411,0.6764705882352942,-0.06978795697094141,-0.09641353680829164,-0.030851856435193822,-0.17120900255253602,-0.0650415208971034,0.05760221094612908,0.3361050518691276,-0.10381013999799121,-0.03692798443202532,0.21827297180273164,-0.3530864771296474,-0.11923576321485738,0.07181316972317098,0.1530113114487717,0.10988693380788517,-0.11458731212852642,-0.05857791861290061,-0.11020987230028137,-0.17681003126975328,0.06342210484699409,-0.014705882352941175,0.1010455848130447,-0.12557751446885393,-0.10016301749301444,0.21365831768773694,0.020897850190928626,-0.18114894461560124,-0.40353504735507917,-0.5162264348011147,0.10774981107404491,-0.44008054498688004,-0.44008054498688004,-0.14138454213900586,-0.1870399672047265,-0.15384884720762404,-0.01033983564096709,-0.32229589299362993,,,,,,,,,,,,
Frontal_Sup_Orb_L,0.6676470588235294,0.28529411764705886,0.28823529411764703,0.4852941176470588,0.2823529411764706,1.0,0.411764705882353,0.38823529411764707,0.4647058823529412,0.4705882352941176,0.4764705882352941,0.538235294117647,0.4617647058823529,0.4323529411764706,0.4147058823529412,0.34705882352941175,0.21470588235294116,0.4676470588235294,0.3588235294117647,0.5264705882352941,0.5323529411764706,0.38823529411764707,0.45,0.3323529411764706,0.5058823529411764,0.43529411764705883,0.5147058823529412,0.055882352941176466,0.23823529411764705,-0.15882352941176472,0.5705882352941177,0.28823529411764703,0.711764705882353,0.4264705882352941,0.4264705882352941,0.36176470588235293,0.5029411764705883,0.5852941176470587,0.4382352941176471,0.44117647058823534,-0.4023943901941515,-0.037661537815738916,-0.1403759467801319,-0.41750967289127194,-0.5114628688726768,-0.20312358596792887,0.2911877868727925,0.05953816852825967,-0.35303153117016206,0.04900005489449078,-0.2348792652210263,-0.5142042288640725,-0.26181884794906085,0.05994257561910643,0.1520353467752932,-0.20320150017458685,-0.4184137043778615,-0.18616532483155637,-0.3221538705338725,-0.27433747678002096,0.15588235294117647,0.040121041028708934,-0.31543875658247833,-0.007474852051717495,-0.2967476634551902,-0.30898964210873037,-0.04565542506572064,0.001472755647281311,-0.21534016994560784,-0.188931175581887,0.3020160602851138,0.3020160602851138,0.03092786859290753,-0.07805604930590948,-0.21006284907194822,0.2776984429288304,-0.06033850051478917,,,,,,,,,,,,
Temporal_Pole_Mid_R,0.7411764705882353,0.7764705882352941,0.7264705882352941,0.7764705882352941,0.6352941176470589,0.411764705882353,1.0,0.6470588235294118,0.3970588235294118,0.38823529411764707,0.611764705882353,0.7000000000000001,0.6617647058823529,0.6029411764705882,0.7588235294117647,0.8029411764705883,0.7999999999999999,0.7323529411764707,0.8205882352941177,0.5970588235294118,0.6323529411764706,0.8088235294117646,0.4588235294117647,0.6411764705882352,0.611764705882353,0.7441176470588236,0.7647058823529411,0.5735294117647058,0.8029411764705883,0.3911764705882353,0.7705882352941176,0.7852941176470588,0.5911764705882353,0.39999999999999997,0.3852941176470588,0.5941176470588235,0.7999999999999999,0.6529411764705881,0.6088235294117647,0.7323529411764707,0.08018190800916673,0.15516553580084433,0.1758555816806048,-0.31238133799059203,-0.2660789491245139,0.11065687892282691,0.3190674685946557,0.0045798591175584364,0.1388492214644152,0.35190948515134285,-0.024562537539453734,0.0014904470401857174,0.16307573957970076,0.2807836436894986,0.1866572574270926,0.2230633009435314,-0.033473096350228916,-0.12361377568815342,-0.1947907124158299,0.07079676820129573,0.03529411764705882,-0.26450167789296997,-0.2885292891962954,0.007474852051717495,-0.014837383172759509,-0.13434332265596974,-0.3431520658165455,-0.3298972649910137,-0.4070814171574504,-0.11660595992944589,-0.06471772720395295,-0.06471772720395295,-0.15611209861181896,-0.13549351954988062,-0.16568337391590282,0.07090173010948862,-0.2310523068493146,,,,,,,,,,,,
Frontal_Sup_R,0.38823529411764707,0.8529411764705882,0.7999999999999999,0.8147058823529412,0.8470588235294119,0.38823529411764707,0.6470588235294118,1.0,0.8441176470588234,0.7911764705882354,0.8117647058823528,0.8411764705882352,0.8264705882352942,0.7235294117647059,0.8617647058823529,0.6970588235294117,0.5794117647058823,0.7029411764705883,0.8588235294117647,0.8411764705882352,0.3970588235294118,0.8852941176470588,0.8205882352941177,0.7558823529411764,0.8823529411764707,0.8176470588235294,0.7617647058823529,0.611764705882353,0.7264705882352941,0.43529411764705883,0.65,0.6823529411764706,0.611764705882353,0.6470588235294118,0.8676470588235294,0.7470588235294118,0.8147058823529412,0.8529411764705882,0.7352941176470589,0.6852941176470588,0.08760615875075622,0.2304886114323222,0.18356854578940326,0.10212466818923199,0.10495336326578049,0.27891596879178293,0.40425538496701513,0.05495830941070124,0.1388492214644152,0.3608185860412503,-0.1473752252367224,-0.08346503425040018,0.27827603267728757,0.25238979208044815,0.31009189540307325,0.024445293254085634,0.05857791861290061,0.10872054970162891,0.11537603735399156,0.3244851875892721,0.032352941176470584,0.06835436619705966,-0.2675997034514863,-0.1689316563688154,0.0756706541810735,-0.06120084698771954,-0.1870399672047265,-0.22385885838675926,-0.4129811478408918,0.08560943893554254,-0.17689512102413807,-0.17689512102413807,-0.10751116225153569,-0.06332849283309637,-0.19231105900953005,0.07533308824133166,-0.33701260043626147,,,,,,,,,,,,
Thalamus_R,0.38235294117647056,0.6764705882352942,0.7000000000000001,0.6235294117647059,0.6970588235294117,0.4647058823529412,0.3970588235294118,0.8441176470588234,1.0,0.8647058823529412,0.7411764705882353,0.7794117647058825,0.7558823529411764,0.6941176470588235,0.7029411764705883,0.5882352941176471,0.4705882352941176,0.611764705882353,0.6852941176470588,0.7205882352941175,0.3529411764705882,0.6529411764705881,0.911764705882353,0.7235294117647059,0.8411764705882352,0.7764705882352941,0.65,0.40294117647058825,0.55,0.13529411764705881,0.5029411764705883,0.5529411764705882,0.6264705882352941,0.75,0.7970588235294117,0.8147058823529412,0.6794117647058824,0.8529411764705882,0.6264705882352941,0.6147058823529412,-0.1766971676498304,0.04820676840414582,-0.04010741336575198,-0.012014666845792001,-0.04878114067282755,0.16674324221247894,0.590119929779436,-0.061064788234112474,-0.11226107267335696,0.34893978485470706,-0.18882450733455056,-0.25486644387175766,0.16157963187713473,0.20664414226586691,0.2860070879931258,-0.021389631597324932,0.05020964452534338,-0.05212629095283579,-0.07641789487082558,0.11504474832710557,0.07058823529411765,0.32988411512494004,-0.07474852051717495,-0.05979881641373996,0.14689009341031914,0.0492592183071889,0.0927836057787226,0.019145823414657044,-0.20944043926216654,0.15498260496951666,-0.11217739382018511,-0.11217739382018511,0.08983809448415997,0.0132548008255318,-0.1272211621139968,0.2673586072878633,-0.1898455260099464,,,,,,,,,,,,
Precuneus_R,0.2911764705882353,0.6941176470588235,0.6411764705882352,0.6205882352941177,0.7529411764705882,0.4705882352941176,0.38823529411764707,0.7911764705882354,0.8647058823529412,1.0,0.7470588235294118,0.7647058823529411,0.7470588235294118,0.7088235294117646,0.7058823529411764,0.6088235294117647,0.4970588235294117,0.6617647058823529,0.5852941176470587,0.7323529411764707,0.5264705882352941,0.6558823529411765,0.8823529411764707,0.7294117647058823,0.8323529411764706,0.7470588235294118,0.5294117647058824,0.3558823529411765,0.5147058823529412,0.10588235294117648,0.4676470588235294,0.4382352941176471,0.6088235294117647,0.65,0.85,0.8352941176470589,0.7000000000000001,0.7705882352941176,0.6529411764705881,0.6352941176470589,-0.0653334065259877,0.11298461344721676,0.13574816831485284,-0.039047667248824004,-0.06799795366515356,0.09246670704510195,0.6149018690877587,0.08701732323361029,-0.022156790659215192,0.34597008455807127,-0.357691952918295,-0.14159246881764315,0.1496107702566062,0.2192636318698893,0.4079364255059847,-0.2307024550854332,-0.06694619270045783,-0.046169000558225974,-0.16332452041019585,0.16224259379463604,0.1323529411764706,0.39823848132199974,-0.04335414189996147,0.004484911231030497,0.18249981302494195,0.03134677528639293,0.108983917898817,-0.18851272285200782,-0.22123990062904916,0.2597803664250946,-0.23729833308116083,-0.23729833308116083,0.08983809448415997,-0.06332849283309637,-0.04437947515604539,0.2171365484603089,-0.19573220898699903,,,,,,,,,,,,
Occipital_Mid_L,0.4147058823529412,0.8529411764705882,0.6323529411764706,0.7058823529411764,0.6,0.4764705882352941,0.611764705882353,0.8117647058823528,0.7411764705882353,0.7470588235294118,1.0,0.8823529411764707,0.9352941176470588,0.8705882352941177,0.7852941176470588,0.6970588235294117,0.6735294117647058,0.7382352941176471,0.711764705882353,0.7323529411764707,0.5558823529411765,0.8352941176470589,0.7852941176470588,0.7029411764705883,0.8558823529411764,0.7676470588235293,0.7852941176470588,0.43529411764705883,0.6088235294117647,0.4264705882352941,0.6558823529411765,0.6970588235294117,0.6441176470588235,0.6205882352941177,0.6794117647058824,0.8029411764705883,0.9176470588235294,0.7999999999999999,0.8088235294117646,0.6205882352941177,0.20936387091282424,0.41277045446049854,0.30234819306489946,0.0060073334228960005,-0.01773859660830093,0.4411116680348306,0.6489770356367025,0.38623478558076146,0.2865611591925165,0.6355158634800622,0.1473752252367224,0.09091726945132875,0.38001135645177975,0.4195980293337451,0.6382473963636071,0.2047293310029672,0.12552411131335844,0.3127577457170147,0.17381325107874052,0.42920540722035533,-0.13823529411764704,0.06241050826688055,-0.3513180464307223,-0.23620532483427287,-0.13205271023755963,-0.18808065171835764,0.10309289530969178,-0.047128180713001955,-0.1445434017443121,0.2464961431419932,-0.23298381793423065,-0.23298381793423065,0.011782045178250489,-0.04123715812387671,-0.1242625304369271,0.2540645328923342,-0.21339225791815683,,,,,,,,,,,,
Occipital_Mid_R,0.6058823529411764,0.8147058823529412,0.6294117647058822,0.6294117647058822,0.6529411764705881,0.538235294117647,0.7000000000000001,0.8411764705882352,0.7794117647058825,0.7647058823529411,0.8823529411764707,1.0,0.8764705882352942,0.9176470588235294,0.7058823529411764,0.8029411764705883,0.7235294117647059,0.8735294117647058,0.6852941176470588,0.8735294117647058,0.5735294117647058,0.8823529411764707,0.8411764705882352,0.7470588235294118,0.9411764705882352,0.8970588235294116,0.7705882352941176,0.4794117647058824,0.7617647058823529,0.29411764705882354,0.6970588235294117,0.8029411764705883,0.711764705882353,0.5117647058823529,0.7382352941176471,0.823529411764706,0.961764705882353,0.911764705882353,0.8117647058823528,0.8058823529411765,0.062363706229351897,0.36305722454372313,0.29155004331258166,-0.051062334094615996,-0.03547719321660186,0.20312358596792887,0.6288417099486903,0.3297498564642074,0.10192123703238987,0.5553339554708955,0.04605475788647575,-0.10880263393355735,0.1810290320104935,0.48742778595536557,0.5795406783018602,0.08250286473253902,-0.008368274087557229,0.0908486785177995,0.04345331276968513,0.29498653417206555,-0.0588235294117647,0.005943857930179101,-0.2720846146825168,-0.05531390518270947,-0.04302841120100258,-0.08956221510397981,-0.15022107602269372,-0.12518423001891144,-0.2507385540462557,-0.05313689313240572,-0.1251209392609757,-0.1251209392609757,-0.058910225891252437,-0.2680415278051986,-0.21006284907194822,0.228953503478557,-0.28991913661984064,,,,,,,,,,,,
Occipital_Sup_L,0.5529411764705882,0.8323529411764706,0.7323529411764707,0.7735294117647058,0.711764705882353,0.4617647058823529,0.6617647058823529,0.8264705882352942,0.7558823529411764,0.7470588235294118,0.9352941176470588,0.8764705882352942,1.0,0.8382352941176471,0.7941176470588236,0.7676470588235293,0.7294117647058823,0.8117647058823528,0.7823529411764706,0.7735294117647058,0.5764705882352941,0.9,0.788235294117647,0.7735294117647058,0.9029411764705882,0.8176470588235294,0.8029411764705883,0.5235294117647059,0.7147058823529412,0.4147058823529412,0.7176470588235294,0.7147058823529412,0.5911764705882353,0.5176470588235293,0.7470588235294118,0.8411764705882352,0.9176470588235294,0.8558823529411764,0.8588235294117647,0.7147058823529412,0.010393951038225317,0.20337230420499017,0.08175741955326364,-0.18923100282122401,-0.20547207737948572,0.23040884378451632,0.5173229830612378,0.24731239234815555,0.08715004325957974,0.4365459436054633,-0.021492220347022018,-0.10731218689337166,0.1810290320104935,0.22872824907290615,0.44857953801027106,0.016806139112183874,-0.05857791861290061,0.09382732371510442,-0.046450092960697895,0.2064905739204459,-0.17058823529411765,0.016345609307992524,-0.2870343187859518,-0.14800207062400642,-0.03560971961462282,-0.0985184366143778,0.07511053801134686,-0.060382981538533755,-0.1592927284529154,0.21107154772038936,-0.26318542396274197,-0.26318542396274197,0.004418266941843933,-0.10014738401512914,-0.14201432049934526,0.347123053661038,-0.19278886749847268,,,,,,,,,,,,
Occipital_Sup_R,0.5088235294117647,0.7617647058823529,0.45294117647058824,0.4823529411764706,0.4617647058823529,0.4323529411764706,0.6029411764705882,0.7235294117647059,0.6941176470588235,0.7088235294117646,0.8705882352941177,0.9176470588235294,0.8382352941176471,1.0,0.611764705882353,0.8058823529411765,0.7352941176470589,0.8794117647058824,0.5352941176470588,0.7764705882352941,0.6176470588235293,0.7970588235294117,0.7823529411764706,0.6088235294117647,0.8823529411764707,0.8117647058823528,0.7205882352941175,0.4941176470588235,0.7382352941176471,0.3382352941176471,0.6852941176470588,0.7470588235294118,0.4911764705882353,0.5264705882352941,0.6617647058823529,0.7088235294117646,0.9058823529411765,0.8735294117647058,0.6852941176470588,0.7676470588235293,0.09503040949234576,0.3766153781573892,0.2992630074213801,-0.066080667651856,-0.08869298304150464,0.25314655863167257,0.6195484827080693,0.3526491520519996,0.1477119377281013,0.5211824020595838,0.14430490804429066,-0.0864459283307716,0.2289044784926075,0.4842729135543599,0.5569611713550345,0.11917080461366747,0.06694619270045783,0.12361377568815342,0.06742755429778728,0.2890868034886242,0.0411764705882353,0.12036312308612677,-0.13903224816194543,0.11062781036541894,0.05193084110465829,0.04627381113705623,0.10309289530969178,0.11192942919337963,0.07079676820129573,0.16531477863415114,0.034516121175441575,0.034516121175441575,0.19587650108841437,-0.011782045178250489,0.03846221180190601,0.45052141007070884,-0.07358353721315752,,,,,,,,,,,,
Precentral_L,0.4058823529411764,0.9235294117647058,0.8529411764705882,0.9058823529411765,0.7911764705882354,0.4147058823529412,0.7588235294117647,0.8617647058823529,0.7029411764705883,0.7058823529411764,0.7852941176470588,0.7058823529411764,0.7941176470588236,0.611764705882353,1.0,0.7617647058823529,0.7294117647058823,0.6705882352941177,0.9352941176470588,0.6794117647058824,0.488235294117647,0.8529411764705882,0.6294117647058822,0.7441176470588236,0.6823529411764706,0.7294117647058823,0.8352941176470589,0.5176470588235293,0.6470588235294118,0.3588235294117647,0.6911764705882353,0.5882352941176471,0.6558823529411765,0.75,0.7294117647058823,0.7000000000000001,0.7852941176470588,0.7323529411764707,0.6470588235294118,0.6676470588235294,0.15442441542506186,0.12503630554825318,0.14654631806717067,-0.07509166778620001,-0.1300830417942068,0.2880110547306454,0.3872178016925433,-0.0045798591175584364,0.22747638410127596,0.3608185860412503,-0.2210628378550836,0.03278983488408578,0.3306398022670997,0.06309744802011204,0.25289047780444807,0.08097503390415867,-0.008368274087557229,0.004467967795957353,-0.07192272458430643,0.25811321740055737,-0.023529411764705882,0.06686840171451489,-0.3662677505341572,-0.22574053196186836,-0.04006093456645068,-0.20599309473915356,-0.1855672115574452,-0.39322575782411007,-0.4985272427507907,0.15941067939721715,-0.2286693027873004,-0.2286693027873004,-0.1767306776737573,-0.004418266941843933,-0.21893874410315728,0.044313581318430384,-0.3208242222493668,,,,,,,,,,,,
Parietal_Inf_L,0.5941176470588235,0.8558823529411764,0.6382352941176471,0.6029411764705882,0.6147058823529412,0.34705882352941175,0.8029411764705883,0.6970588235294117,0.5882352941176471,0.6088235294117647,0.6970588235294117,0.8029411764705883,0.7676470588235293,0.8058823529411765,0.7617647058823529,1.0,0.8970588235294116,0.8941176470588235,0.7411764705882353,0.7323529411764707,0.6176470588235293,0.8588235294117647,0.65,0.7323529411764707,0.7382352941176471,0.8088235294117646,0.8352941176470589,0.6294117647058822,0.9,0.36470588235294116,0.7764705882352941,0.7852941176470588,0.4764705882352941,0.5676470588235295,0.6558823529411765,0.6882352941176471,0.8617647058823529,0.8058823529411765,0.5970588235294118,0.888235294117647,0.002969700296635805,0.15365907428821476,0.20053706682875985,-0.28534833758756,-0.3074690078772161,0.05002297266374368,0.36708247600453103,0.007633098529264059,0.05908477509124051,0.3133033812950774,-0.1550510182178017,-0.13712112769708598,0.11968861620528495,0.22872824907290615,0.27998588614063896,-0.010694815798662466,-0.11715583722580122,-0.16680413104907452,-0.23374885489899588,0.08112129689731802,-0.02647058823529412,0.035663147581074604,-0.17640650842053288,0.12109260323782342,0.004451214951827853,-0.05970814340265321,-0.1929309897938517,-0.1929309897938517,-0.256638284729697,-0.030996520993903334,-0.02588709088158118,-0.02588709088158118,-0.032400624240188844,-0.15022107602269372,-0.07692442360381202,0.2452018166286481,-0.3016925025739458,,,,,,,,,,,,
Parietal_Sup_L,0.5735294117647058,0.8205882352941177,0.6647058823529411,0.6,0.5676470588235295,0.21470588235294116,0.7999999999999999,0.5794117647058823,0.4705882352941176,0.4970588235294117,0.6735294117647058,0.7235294117647059,0.7294117647058823,0.7352941176470589,0.7294117647058823,0.8970588235294116,1.0,0.8264705882352942,0.6882352941176471,0.6382352941176471,0.5294117647058824,0.8058823529411765,0.4705882352941176,0.6852941176470588,0.6,0.7970588235294117,0.7529411764705882,0.5941176470588235,0.7911764705882354,0.37941176470588234,0.7147058823529412,0.7617647058823529,0.5,0.4382352941176471,0.4941176470588235,0.65,0.8205882352941177,0.6911764705882353,0.5735294117647058,0.8411764705882352,0.14403046438683653,0.0903876907577734,0.16968521039356604,-0.31538500470204,-0.2542532180523133,0.15461646096066228,0.518871854268008,0.23051957558377462,0.17577720589644052,0.49890964983481517,0.053730550867555044,0.04024207008501437,0.15409909336430438,0.3028677504965378,0.35374560883360295,0.25361991751113844,0.06694619270045783,-0.12361377568815342,-0.15583256993266395,0.16224259379463604,-0.15,0.008915786895268651,-0.1704266267791589,0.10016301749301444,0.08012186913290135,0.023883257361061283,-0.09425636142600391,-0.23416814791772844,-0.19469111255356328,0.11512993512021238,-0.2545563936688816,-0.2545563936688816,0.005891022589125244,-0.12960249696075538,-0.02662768509362724,0.30428659171988864,-0.1398087207049993,,,,,,,,,,,,
Parietal_Sup_R,0.6264705882352941,0.7911764705882354,0.5676470588235295,0.5823529411764706,0.5794117647058823,0.4676470588235294,0.7323529411764707,0.7029411764705883,0.611764705882353,0.6617647058823529,0.7382352941176471,0.8735294117647058,0.8117647058823528,0.8794117647058824,0.6705882352941177,0.8941176470588235,0.8264705882352942,1.0,0.6147058823529412,0.7529411764705882,0.538235294117647,0.8352941176470589,0.6617647058823529,0.6264705882352941,0.823529411764706,0.823529411764706,0.7058823529411764,0.538235294117647,0.8352941176470589,0.29705882352941176,0.6882352941176471,0.7588235294117647,0.5794117647058823,0.38235294117647056,0.6970588235294117,0.6852941176470588,0.9058823529411765,0.85,0.7676470588235293,0.8411764705882352,-0.11581831156879638,0.1491396897503261,0.13112038984957375,-0.33040333825928003,-0.3237293881014919,-0.09398255470157903,0.4073531273805555,0.2045670405842768,-0.09158140139142278,0.3088488308501237,-0.1366291150632114,-0.284675384675472,-0.07929370823600129,0.2586995368824594,0.31761839771868183,-0.08861418804606043,-0.15899720766358735,-0.22339838979786766,-0.22176173413494482,0.0427730474549495,-0.0588235294117647,-0.118877158603582,-0.2765695259135474,0.12109260323782342,-0.03264224298007092,-0.11643087963517376,-0.108983917898817,-0.09131085013144127,-0.11799461366882621,-0.07232521565244111,0.04745966661623216,0.04745966661623216,0.060382981538533755,-0.15758485425910027,-0.08284168695795141,0.37223408307481526,-0.18101550154436752,,,,,,,,,,,,
Frontal_Mid_L,0.5205882352941177,0.8558823529411764,0.9264705882352942,0.9264705882352942,0.8352941176470589,0.3588235294117647,0.8205882352941177,0.8588235294117647,0.6852941176470588,0.5852941176470587,0.711764705882353,0.6852941176470588,0.7823529411764706,0.5352941176470588,0.9352941176470588,0.7411764705882353,0.6882352941176471,0.6147058823529412,1.0,0.6617647058823529,0.44705882352941173,0.8529411764705882,0.6264705882352941,0.7676470588235293,0.6941176470588235,0.7529411764705882,0.8352941176470589,0.6058823529411764,0.7294117647058823,0.45294117647058824,0.7176470588235294,0.6823529411764706,0.5941176470588235,0.6529411764705881,0.6470588235294118,0.7176470588235294,0.75,0.7176470588235294,0.6617647058823529,0.6529411764705881,0.04751520474617288,0.07682953714410738,0.04627778465279074,-0.141172335438056,-0.14190877286640743,0.2349563867539476,0.3082253701472644,-0.14655549176186997,0.1270322664461671,0.30736398070180576,-0.1903596659307664,-0.014904470401857172,0.26181884794906085,0.07887181002514006,0.13848764260719776,0.12375429709880853,0.016736548175114458,-0.028297129374396567,-0.10039213639892772,0.1548679304403344,-0.02647058823529412,-0.04160700551125371,-0.2840443779652648,-0.1868713012929374,0.022256074759139263,-0.13434332265596974,-0.23711365921229102,-0.3254789980491697,-0.5250760308262766,0.06937316603397413,-0.24592736337502122,-0.24592736337502122,-0.1929309897938517,-0.0397644024765954,-0.22189737578022697,0.026588148791058232,-0.332597588203472,,,,,,,,,,,,
Frontal_Inf_Tri_R,0.5735294117647058,0.6823529411764706,0.6294117647058822,0.6470588235294118,0.7352941176470589,0.5264705882352941,0.5970588235294118,0.8411764705882352,0.7205882352941175,0.7323529411764707,0.7323529411764707,0.8735294117647058,0.7735294117647058,0.7764705882352941,0.6794117647058824,0.7323529411764707,0.6382352941176471,0.7529411764705882,0.6617647058823529,1.0,0.5,0.8647058823529412,0.7411764705882353,0.7411764705882353,0.8617647058823529,0.8764705882352942,0.7676470588235293,0.6617647058823529,0.7529411764705882,0.3558823529411765,0.8147058823529412,0.711764705882353,0.5882352941176471,0.5,0.8558823529411764,0.6382352941176471,0.8147058823529412,0.9029411764705882,0.6088235294117647,0.8764705882352942,0.004454550444953707,0.12352984403562366,0.11106668316669778,-0.087106334631992,-0.04878114067282755,0.15613230861713936,0.44762377875658005,0.25341887117156675,0.017725432527372156,0.3177579317400311,-0.05219539227133918,-0.26231867907268624,0.052363769589812176,0.3864718691231862,0.36277741161233323,-0.06264106396359444,-0.1422606594884729,0.09233800111645195,0.06742755429778728,0.1814167185158203,0.049999999999999996,0.23181045927698493,-0.1375372777516019,0.053818934772365976,0.10089420557476465,0.10150384378451045,-0.1767306776737573,-0.13549351954988062,-0.29498653417206555,0.025092421756969366,-0.12080642411404552,-0.12080642411404552,-0.0265096016510636,-0.23564090356500975,-0.12130389875985742,0.2629272491560203,-0.20750557494110425,,,,,,,,,,,,
Frontal_Mid_Orb_L,0.6588235294117648,0.4941176470588235,0.33529411764705885,0.4764705882352941,0.3911764705882353,0.5323529411764706,0.6323529411764706,0.3970588235294118,0.3529411764705882,0.5264705882352941,0.5558823529411765,0.5735294117647058,0.5764705882352941,0.6176470588235293,0.488235294117647,0.6176470588235293,0.5294117647058824,0.538235294117647,0.44705882352941173,0.5,1.0,0.5676470588235295,0.5617647058823529,0.5911764705882353,0.5705882352941177,0.5147058823529412,0.5823529411764706,0.2647058823529412,0.4941176470588235,-0.011764705882352941,0.6558823529411765,0.4294117647058823,0.3852941176470588,0.4264705882352941,0.3294117647058824,0.5470588235294118,0.6176470588235293,0.5735294117647058,0.34411764705882353,0.6235294117647059,0.0014848501483179025,0.11599753647247586,0.16042965346300792,-0.30036667114480003,-0.3887709089985953,0.10459348829691859,0.40890199858732573,0.033585633528761864,0.11373819205063798,0.2004547700229168,-0.09825015015781494,-0.08197458721021446,0.2393772324105699,0.18771490785983333,0.3055759940137081,-0.05500190982169268,-0.25941649671427414,-0.08340206552453726,-0.3775943040676088,-0.07522156621387671,0.19999999999999998,0.18723152480064167,-0.004484911231030497,0.13903224816194543,0.08902429903655705,0.0835914007637145,0.010309289530969178,-0.1723124107319134,-0.10619515230194361,0.15498260496951666,-0.01294354544079059,-0.01294354544079059,0.03681889118203278,-0.06332849283309637,-0.03254494844776662,0.26145012977873927,-0.06769685423610493,,,,,,,,,,,,
Postcentral_R,0.5764705882352941,0.9,0.7470588235294118,0.7911764705882354,0.7705882352941176,0.38823529411764707,0.8088235294117646,0.8852941176470588,0.6529411764705881,0.6558823529411765,0.8352941176470589,0.8823529411764707,0.9,0.7970588235294117,0.8529411764705882,0.8588235294117647,0.8058823529411765,0.8352941176470589,0.8529411764705882,0.8647058823529412,0.5676470588235295,1.0,0.6911764705882353,0.7941176470588236,0.8470588235294119,0.8352941176470589,0.8705882352941177,0.6411764705882352,0.8294117647058824,0.4558823529411765,0.7941176470588236,0.7764705882352941,0.5882352941176471,0.4941176470588235,0.7764705882352941,0.7176470588235294,0.9294117647058824,0.8529411764705882,0.7588235294117647,0.8294117647058824,0.15590926557337972,0.2425403035333586,0.2252185519769149,-0.07809533449764801,-0.07243260281722878,0.23950392972337883,0.3717290896248415,0.2244130967603634,0.20975095157390383,0.3905155890076083,-0.03837896490539646,-0.06110832864761441,0.23488890930287173,0.24450261107793417,0.38987281994852413,0.061113233135214086,-0.07531446678801508,0.06850883953801275,0.023974241528102142,0.2861369381469036,-0.14705882352941177,-0.07578418860978353,-0.35281301684106575,-0.1435171593929759,-0.03560971961462282,-0.10001114019944413,-0.27393255039432385,-0.307805930281794,-0.4041315518157298,0.01328422328310143,-0.23729833308116083,-0.23729833308116083,-0.19587650108841437,-0.2297498809758845,-0.2485250608738542,0.14623481835082028,-0.3576159908559456,,,,,,,,,,,,
CSF,0.4382352941176471,0.6911764705882353,0.6058823529411764,0.5676470588235295,0.7000000000000001,0.45,0.4588235294117647,0.8205882352941177,0.911764705882353,0.8823529411764707,0.7852941176470588,0.8411764705882352,0.788235294117647,0.7823529411764706,0.6294117647058822,0.65,0.4705882352941176,0.6617647058823529,0.6264705882352941,0.7411764705882353,0.5617647058823529,0.6911764705882353,1.0,0.8058823529411765,0.911764705882353,0.7823529411764706,0.6470588235294118,0.4558823529411765,0.65,0.19117647058823528,0.5352941176470588,0.6529411764705881,0.5823529411764706,0.6529411764705881,0.7529411764705882,0.8735294117647058,0.7558823529411764,0.85,0.6617647058823529,0.6588235294117648,-0.12175771216206799,0.17474953546502858,0.11569446163197684,-0.021025666980136002,-0.041390058752702165,0.19099680471611225,0.582375573745585,-0.02289929558779218,-0.03692798443202532,0.37269738722779355,-0.13048848067834795,-0.19673900930451468,0.23488890930287173,0.36754263471715265,0.39589402180101096,-0.0702802181054962,-0.008368274087557229,0.03127577457170147,-0.09290018592139579,0.13716873839001048,0.044117647058823525,0.26301571341042523,-0.07624349092751845,-0.06727366846545746,0.09495925230566087,0.017912443020795962,0.06332849283309637,-0.002945511294562622,-0.17699192050323934,0.10036968702787746,-0.1251209392609757,-0.1251209392609757,0.048600936360283266,-0.11192942919337963,-0.13017979379106648,0.1875941609146886,-0.2928624781083669,,,,,,,,,,,,
Cerebelum_4_5_R,0.5617647058823529,0.7705882352941176,0.75,0.7029411764705883,0.8411764705882352,0.3323529411764706,0.6411764705882352,0.7558823529411764,0.7235294117647059,0.7294117647058823,0.7029411764705883,0.7470588235294118,0.7735294117647058,0.6088235294117647,0.7441176470588236,0.7323529411764707,0.6852941176470588,0.6264705882352941,0.7676470588235293,0.7411764705882353,0.5911764705882353,0.7941176470588236,0.8058823529411765,1.0,0.7352941176470589,0.788235294117647,0.7764705882352941,0.6029411764705882,0.7235294117647059,0.2352941176470588,0.6529411764705881,0.7323529411764707,0.6588235294117648,0.5558823529411765,0.6735294117647058,0.8323529411764706,0.7588235294117647,0.7647058823529411,0.5882352941176471,0.7941176470588236,-0.020787902076450634,-0.06477784504307094,0.018511113861116296,-0.19523833624412,-0.1507780711705579,0.21525036721974553,0.47085684685813256,-0.02137267588193937,0.06499325260036456,0.3533943352996608,-0.09671499156159907,-0.12370710433541453,0.24685777092340022,0.27762877128849295,0.2980494916980995,0.03972360153788916,-0.11715583722580122,-0.053615613551488236,-0.20677783317988097,0.07522156621387671,-0.2676470588235294,0.14562451928938797,-0.24816508811702082,-0.25115502893770786,-0.013353644855483559,-0.07015706849811752,-0.18409445591016388,-0.35787962228935855,-0.47787818535874615,0.0,-0.4357660298399499,-0.4357660298399499,-0.2577322382742294,-0.3696616674676091,-0.34320127454008437,-0.017725432527372156,-0.47240630890847124,,,,,,,,,,,,
Temporal_Mid_R,0.5588235294117647,0.7441176470588236,0.6705882352941177,0.6735294117647058,0.7294117647058823,0.5058823529411764,0.611764705882353,0.8823529411764707,0.8411764705882352,0.8323529411764706,0.8558823529411764,0.9411764705882352,0.9029411764705882,0.8823529411764707,0.6823529411764706,0.7382352941176471,0.6,0.823529411764706,0.6941176470588235,0.8617647058823529,0.5705882352941177,0.8470588235294119,0.911764705882353,0.7352941176470589,1.0,0.8794117647058824,0.7000000000000001,0.5411764705882353,0.7617647058823529,0.35000000000000003,0.6794117647058824,0.7323529411764707,0.5764705882352941,0.5088235294117647,0.8088235294117646,0.8441176470588234,0.8852941176470588,0.9205882352941176,0.8176470588235294,0.7470588235294118,-0.07572735756421302,0.2606178416849133,0.1419185396018916,-0.087106334631992,-0.08130190112137925,0.13491044142646022,0.5421049223695606,0.1664015479379565,-0.023633910036496206,0.3860610385626546,-0.09364467436916735,-0.21015303266618615,0.11520029309758677,0.372274943318661,0.4260000310634453,-0.08708635721768009,-0.05020964452534338,0.05659425874879313,-0.025472631623608525,0.17994178584495996,0.07647058823529412,0.10253154929558947,-0.11361775118610593,0.03587928984824398,0.12463401865117987,0.047766514722122566,0.0132548008255318,0.008836533883687867,-0.1327439403774295,0.10479776145557794,-0.09491933323246432,-0.09491933323246432,0.08689258318959733,-0.11192942919337963,-0.07100716024967263,0.3323518598882279,-0.17365714782305175,,,,,,,,,,,,
Temporal_Inf_R,0.6558823529411765,0.7588235294117647,0.8029411764705883,0.7235294117647059,0.7852941176470588,0.43529411764705883,0.7441176470588236,0.8176470588235294,0.7764705882352941,0.7470588235294118,0.7676470588235293,0.8970588235294116,0.8176470588235294,0.8117647058823528,0.7294117647058823,0.8088235294117646,0.7970588235294117,0.823529411764706,0.7529411764705882,0.8764705882352942,0.5147058823529412,0.8352941176470589,0.7823529411764706,0.788235294117647,0.8794117647058824,1.0,0.7441176470588236,0.6941176470588235,0.8470588235294119,0.4088235294117647,0.788235294117647,0.85,0.6411764705882352,0.5264705882352941,0.7058823529411764,0.823529411764706,0.8676470588235294,0.9,0.7058823529411764,0.8852941176470588,-0.03266670326299385,0.08586830621988473,0.0539907487615892,-0.24029333691583998,-0.14782163840250773,0.15764815627361645,0.644330422016392,0.14960873117357557,-0.011816955018248103,0.48109144805500037,-0.004605475788647575,-0.14606380993820028,0.07630149283086916,0.49846983935888517,0.3462191065179944,0.1023646655014836,0.033473096350228916,-0.01489322598652451,-0.06742755429778728,0.13126900770656916,0.09999999999999999,0.18277363135300734,-0.023919526565495987,0.15398195226538042,0.24333308403325596,0.16569009794236264,-0.032400624240188844,-0.060382981538533755,-0.1828916511866806,0.11955800954791286,-0.18120963617106825,-0.18120963617106825,0.10751116225153569,-0.13549351954988062,0.0,0.3353060986427899,-0.07211186646889438,,,,,,,,,,,,
Frontal_Inf_Tri_L,0.6382352941176471,0.8264705882352942,0.6558823529411765,0.7323529411764707,0.6,0.5147058823529412,0.7647058823529411,0.7617647058823529,0.65,0.5294117647058824,0.7852941176470588,0.7705882352941176,0.8029411764705883,0.7205882352941175,0.8352941176470589,0.8352941176470589,0.7529411764705882,0.7058823529411764,0.8352941176470589,0.7676470588235293,0.5823529411764706,0.8705882352941177,0.6470588235294118,0.7764705882352941,0.7000000000000001,0.7441176470588236,1.0,0.611764705882353,0.7529411764705882,0.3588235294117647,0.8764705882352942,0.7676470588235293,0.6088235294117647,0.711764705882353,0.6382352941176471,0.6029411764705882,0.8323529411764706,0.8382352941176471,0.5352941176470588,0.8029411764705883,0.05345460533944449,0.09490707529566207,0.06016112004862796,-0.18923100282122401,-0.2601660835884136,0.31984385551666417,0.3345561806623574,0.030532394117056237,0.15214329585994432,0.32072763203666693,0.0629415024448502,-0.1654396214606146,0.27827603267728757,0.20348926986486132,0.26041698012005665,0.17417271443536017,-0.12552411131335844,0.06553019434070784,-0.035961362292153215,0.13716873839001048,-0.15,0.04903682792397758,-0.3976621291513708,-0.20331597580671587,-0.20475588778408121,-0.18808065171835764,-0.20618579061938355,-0.14433005343356847,-0.3657833023733612,-0.02214037213850238,-0.02588709088158118,-0.02588709088158118,-0.17525792202647603,-0.12076596307706751,-0.2840286409986905,0.1639602508781924,-0.33848427118052465,,,,,,,,,,,,
Cerebelum_8_R,0.4205882352941176,0.5352941176470588,0.611764705882353,0.5676470588235295,0.6676470588235294,0.055882352941176466,0.5735294117647058,0.611764705882353,0.40294117647058825,0.3558823529411765,0.43529411764705883,0.4794117647058824,0.5235294117647059,0.4941176470588235,0.5176470588235293,0.6294117647058822,0.5941176470588235,0.538235294117647,0.6058823529411764,0.6617647058823529,0.2647058823529412,0.6411764705882352,0.4558823529411765,0.6029411764705882,0.5411764705882353,0.6941176470588235,0.611764705882353,1.0,0.8470588235294119,0.75,0.7352941176470589,0.7735294117647058,0.17941176470588235,0.3382352941176471,0.5323529411764706,0.3911764705882353,0.5235294117647059,0.6058823529411764,0.34705882352941175,0.7058823529411764,-0.08166675815748463,-0.16872368941451035,-0.11415186881021715,-0.30036667114480003,-0.12860482541018173,0.12581535548759773,0.13010518136869453,-0.12365619617407778,-0.0576076557139595,0.10987891097552477,0.04144928209782818,-0.19375811522414324,-0.008976646215396372,0.3549231451131302,-0.09784453010291146,0.134449112897471,0.10878756313824399,0.008935935591914706,0.02247585143259576,-0.029498653417206554,0.055882352941176466,0.12333505205121632,0.053818934772365976,0.20182100539637238,0.27449158869605095,0.23883257361061283,0.029455112945626218,0.09720187272056653,-0.06194717217613376,0.19335925000958745,-0.07334675749781334,-0.07334675749781334,0.21502232450307138,0.11634769613522357,0.24260779751971484,0.27031284604242534,-0.03237675637378931,,,,,,,,,,,,
Cerebelum_Crus2_R,0.6294117647058822,0.75,0.6764705882352942,0.6176470588235293,0.7000000000000001,0.23823529411764705,0.8029411764705883,0.7264705882352941,0.55,0.5147058823529412,0.6088235294117647,0.7617647058823529,0.7147058823529412,0.7382352941176471,0.6470588235294118,0.9,0.7911764705882354,0.8352941176470589,0.7294117647058823,0.7529411764705882,0.4941176470588235,0.8294117647058824,0.65,0.7235294117647059,0.7617647058823529,0.8470588235294119,0.7529411764705882,0.8470588235294119,1.0,0.5705882352941177,0.7852941176470588,0.9058823529411765,0.38823529411764707,0.39999999999999997,0.6147058823529412,0.6411764705882352,0.7970588235294117,0.7911764705882354,0.6,0.8647058823529412,-0.09354555934402785,0.05724553747992315,0.07558704826622487,-0.318388671413488,-0.22764532313986188,0.019706019534202056,0.26330810515092945,-0.08091084441019904,-0.053176297582116464,0.23163662313759276,-0.06601181963728191,-0.21313392674655757,0.016457184728226684,0.3612328899151414,0.11289753473412861,0.03361227822436775,-0.033473096350228916,-0.13552835647737302,-0.1513373996461448,0.004424798012580983,0.01764705882352941,-0.05795261481924623,-0.08371834297923596,0.18238639006190688,0.13650392518938748,0.06717166132798487,-0.17378516637919467,-0.05154644765484589,-0.1858415165284013,-0.05313689313240572,-0.008629030293860394,-0.008629030293860394,0.05154644765484589,-0.11192942919337963,0.023669053416557544,0.23929333911952408,-0.22810896536078834,,,,,,,,,,,,
Cerebelum_10_R,0.032352941176470584,0.4264705882352941,0.45,0.4176470588235294,0.39999999999999997,-0.15882352941176472,0.3911764705882353,0.43529411764705883,0.13529411764705881,0.10588235294117648,0.4264705882352941,0.29411764705882354,0.4147058823529412,0.3382352941176471,0.3588235294117647,0.36470588235294116,0.37941176470588234,0.29705882352941176,0.45294117647058824,0.3558823529411765,-0.011764705882352941,0.4558823529411765,0.19117647058823528,0.2352941176470588,0.35000000000000003,0.4088235294117647,0.3588235294117647,0.75,0.5705882352941177,1.0,0.4382352941176471,0.5794117647058823,-0.047058823529411764,0.14705882352941177,0.27941176470588236,0.24705882352941175,0.3852941176470588,0.2411764705882353,0.4058823529411764,0.25,0.2063941706161884,0.27568245681120884,0.22059077351163583,-0.033040333825928,0.17147310054690895,0.29862198832598497,0.09912775723329108,0.12976267499748903,0.20531959344206077,0.33409128337152805,0.2195276792588677,0.2518855497913862,0.12417693931298314,0.4164431569327395,0.14601414492280634,0.325427966445015,0.4602550748156476,0.39467048864289955,0.4075621059777364,0.32301025491841173,0.0,-0.09064383343523127,0.01943461533446549,0.09268816544129693,0.12760149528573178,0.05821543981758688,0.18114894461560124,0.20029476803025828,0.07079676820129573,0.3306295572683023,-0.18552415131799846,-0.18552415131799846,0.2754053060416051,0.2783508173361678,0.4112498031126873,0.17873144465100255,0.014716707442631503,,,,,,,,,,,,
Frontal_Inf_Orb_R,0.7588235294117647,0.6264705882352941,0.6176470588235293,0.7147058823529412,0.5852941176470587,0.5705882352941177,0.7705882352941176,0.65,0.5029411764705883,0.4676470588235294,0.6558823529411765,0.6970588235294117,0.7176470588235294,0.6852941176470588,0.6911764705882353,0.7764705882352941,0.7147058823529412,0.6882352941176471,0.7176470588235294,0.8147058823529412,0.6558823529411765,0.7941176470588236,0.5352941176470588,0.6529411764705881,0.6794117647058824,0.788235294117647,0.8764705882352942,0.7352941176470589,0.7852941176470588,0.4382352941176471,1.0,0.7441176470588236,0.4647058823529412,0.5411764705882353,0.5735294117647058,0.488235294117647,0.7470588235294118,0.8117647058823528,0.44117647058823534,0.8558823529411764,-0.060878856081033994,-0.03916799932836847,-0.08175741955326364,-0.39648400591113603,-0.4035530728388461,0.17280663283838726,0.30667649894049426,0.038165492646320305,0.001477119377281013,0.18412141839141988,0.03991412350161232,-0.27424225539417196,0.050867661887246104,0.27920620748899583,0.11590813566037203,0.061113233135214086,-0.20920685218893076,0.026807806775744118,-0.1123792571629788,-0.051622643480111474,0.15,0.178315737905373,-0.10315295831370143,0.1554769226757239,0.06825196259469374,0.10299654736957678,-0.057437470243971125,0.023564090356500977,-0.1445434017443121,0.12251005916637983,0.08629030293860393,0.08629030293860393,0.0927836057787226,0.004418266941843933,0.020710421739487853,0.39734511248859244,0.005886682977052602,,,,,,,,,,,,
Cerebelum_7b_R,0.6558823529411765,0.7294117647058823,0.6352941176470589,0.5823529411764706,0.6088235294117647,0.28823529411764703,0.7852941176470588,0.6823529411764706,0.5529411764705882,0.4382352941176471,0.6970588235294117,0.8029411764705883,0.7147058823529412,0.7470588235294118,0.5882352941176471,0.7852941176470588,0.7617647058823529,0.7588235294117647,0.6823529411764706,0.711764705882353,0.4294117647058823,0.7764705882352941,0.6529411764705881,0.7323529411764707,0.7323529411764707,0.85,0.7676470588235293,0.7735294117647058,0.9058823529411765,0.5794117647058823,0.7441176470588236,1.0,0.55,0.3852941176470588,0.4647058823529412,0.6705882352941177,0.8323529411764706,0.7617647058823529,0.6411764705882352,0.7852941176470588,0.0014848501483179025,0.1566719973134739,0.12957779702781405,-0.25531167047308,-0.11382266156993094,0.21828206253269972,0.4507215211701204,0.1129698582331081,0.04726782007299241,0.49000054894490774,0.25483632697183245,-0.09091726945132875,0.12716915471811527,0.610467809594584,0.3040706935505864,0.3345949514152971,0.1422606594884729,0.06404087174205539,0.04195492267417875,0.1386436710608708,-0.15588235294117647,-0.14562451928938797,-0.23022544319289887,-0.01494970410343499,-0.038577196249174724,-0.05970814340265321,-0.1340207639025993,0.019145823414657044,-0.17404205516151866,-0.10627378626481145,-0.09060481808553413,-0.09060481808553413,0.001472755647281311,-0.1855672115574452,-0.07988305528088172,0.1713458477645975,-0.2516556972689988,,,,,,,,,,,,
Frontal_Med_Orb_L,0.5764705882352941,0.6323529411764706,0.5911764705882353,0.65,0.5823529411764706,0.711764705882353,0.5911764705882353,0.611764705882353,0.6264705882352941,0.6088235294117647,0.6441176470588235,0.711764705882353,0.5911764705882353,0.4911764705882353,0.6558823529411765,0.4764705882352941,0.5,0.5794117647058823,0.5941176470588235,0.5882352941176471,0.3852941176470588,0.5882352941176471,0.5823529411764706,0.6588235294117648,0.5764705882352941,0.6411764705882352,0.6088235294117647,0.17941176470588235,0.38823529411764707,-0.047058823529411764,0.4647058823529412,0.55,1.0,0.4676470588235294,0.5,0.6529411764705881,0.7029411764705883,0.6352941176470589,0.6588235294117648,0.5529411764705882,-0.09206070919570994,0.049713229916775376,0.06941667697918612,-0.201245669667016,-0.1699948841628839,0.05457051563317493,0.5436537935763308,0.2152533785252465,-0.0576076557139595,0.4588186958302319,-0.07061729542592948,-0.17885364482228608,0.0314182617538873,0.2949805694940238,0.38987281994852413,0.1375047745542317,-0.10878756313824399,-0.11467784009623871,-0.1513373996461448,0.0796463642264577,-0.2441176470588235,-0.14116662584175363,-0.5725736671615601,-0.3722476321755313,-0.3560971961462282,-0.4612454077854961,-0.2901328625144182,-0.39322575782411007,-0.5575245495852039,-0.287824837800531,-0.18983866646492864,-0.18983866646492864,-0.3048604189872314,-0.3784982013512969,-0.5029673851018478,-0.08567292388229875,-0.4120678083936822,,,,,,,,,,,,
Frontal_Inf_Oper_L,0.2088235294117647,0.6558823529411765,0.5411764705882353,0.5529411764705882,0.4558823529411765,0.4264705882352941,0.39999999999999997,0.6470588235294118,0.75,0.65,0.6205882352941177,0.5117647058823529,0.5176470588235293,0.5264705882352941,0.75,0.5676470588235295,0.4382352941176471,0.38235294117647056,0.6529411764705881,0.5,0.4264705882352941,0.4941176470588235,0.6529411764705881,0.5558823529411765,0.5088235294117647,0.5264705882352941,0.711764705882353,0.3382352941176471,0.39999999999999997,0.14705882352941177,0.5411764705882353,0.3852941176470588,0.4676470588235294,1.0,0.5735294117647058,0.5323529411764706,0.5,0.6264705882352941,0.25,0.4823529411764706,0.04603035459785497,0.1039458443714394,0.11260927598845745,0.04505500067172,-0.09164941580955478,0.3698668281804078,0.45846587720397125,-0.2167799982310993,0.1477119377281013,0.3103336809984416,-0.15198070102536998,-0.020866258562600045,0.4189101567184974,0.11515284263670446,0.20622616344767492,0.1466717595245138,0.12552411131335844,0.06850883953801275,-0.02846941181462129,0.17846685317409966,0.22647058823529412,0.48442442130959673,-0.07923343174820545,-0.061293786824083464,0.025223551393691163,-0.0492592183071889,0.09131085013144127,-0.032400624240188844,-0.24188895802109375,0.270112540089729,0.06903224235088315,0.06903224235088315,0.0927836057787226,0.27393255039432385,-0.008875895031209079,0.14623481835082028,-0.17660048931157807,,,,,,,,,,,,
Frontal_Inf_Oper_R,0.2764705882352941,0.7000000000000001,0.6264705882352941,0.6352941176470589,0.7676470588235293,0.4264705882352941,0.3852941176470588,0.8676470588235294,0.7970588235294117,0.85,0.6794117647058824,0.7382352941176471,0.7470588235294118,0.6617647058823529,0.7294117647058823,0.6558823529411765,0.4941176470588235,0.6970588235294117,0.6470588235294118,0.8558823529411764,0.3294117647058824,0.7764705882352941,0.7529411764705882,0.6735294117647058,0.8088235294117646,0.7058823529411764,0.6382352941176471,0.5323529411764706,0.6147058823529412,0.27941176470588236,0.5735294117647058,0.4647058823529412,0.5,0.5735294117647058,1.0,0.6294117647058822,0.6852941176470588,0.8088235294117646,0.6294117647058822,0.6941176470588235,-0.10690921067888898,0.051219691429404926,0.06016112004862796,-0.015018333557239999,-0.04434649152075232,0.006063390625908324,0.28344343083894163,0.07327774588093498,-0.08715004325957974,0.1291819629036575,-0.3960709178236914,-0.3204461136399292,-0.0029922154051321244,0.03943590501257003,0.2333215717838658,-0.3162609814747329,-0.17573375583870182,-0.05957290394609804,-0.04345331276968513,0.14159353640259145,0.008823529411764706,0.2570718554802461,-0.18537633088259386,-0.03737426025858748,0.06973570091196969,-0.029854071701326604,-0.09425636142600391,-0.19734925673569567,-0.3333347836144341,0.10184571183711094,-0.1380644847017663,-0.1380644847017663,-0.019145823414657044,-0.10162013966241044,-0.12130389875985742,0.20827383219662282,-0.3090508562952616,,,,,,,,,,,,
Angular_L,0.4735294117647058,0.7617647058823529,0.7794117647058825,0.6705882352941177,0.7676470588235293,0.36176470588235293,0.5941176470588235,0.7470588235294118,0.8147058823529412,0.8352941176470589,0.8029411764705883,0.823529411764706,0.8411764705882352,0.7088235294117646,0.7000000000000001,0.6882352941176471,0.65,0.6852941176470588,0.7176470588235294,0.6382352941176471,0.5470588235294118,0.7176470588235294,0.8735294117647058,0.8323529411764706,0.8441176470588234,0.823529411764706,0.6029411764705882,0.3911764705882353,0.6411764705882352,0.24705882352941175,0.488235294117647,0.6705882352941177,0.6529411764705881,0.5323529411764706,0.6294117647058822,1.0,0.8029411764705883,0.7323529411764707,0.8058823529411765,0.6323529411764706,-0.038606103856265464,0.1988529196671015,0.16042965346300792,-0.153187002283848,-0.10051871411370525,0.15461646096066228,0.7109318839075094,0.08854394293946309,0.026588148791058232,0.5597885059158492,-0.1473752252367224,0.020866258562600045,0.20646286295411653,0.3612328899151414,0.4997597537564093,0.03666793988112845,0.0836827408755723,-0.020850516381134315,-0.1843019817472852,0.17699192050323934,-0.08529411764705883,0.12630698101630589,-0.08521331338957945,-0.08072840215854896,0.10979663547842036,-0.035824886041591925,0.06332849283309637,-0.18262170026288255,-0.2625380154131383,0.1505545305418162,-0.42713699954608947,-0.42713699954608947,-0.008836533883687867,-0.2032402793248209,-0.1272211621139968,0.1595288927463494,-0.28108911215426174,,,,,,,,,,,,
Angular_R,0.6176470588235293,0.8941176470588235,0.6647058823529411,0.7088235294117646,0.6558823529411765,0.5029411764705883,0.7999999999999999,0.8147058823529412,0.6794117647058824,0.7000000000000001,0.9176470588235294,0.961764705882353,0.9176470588235294,0.9058823529411765,0.7852941176470588,0.8617647058823529,0.8205882352941177,0.9058823529411765,0.75,0.8147058823529412,0.6176470588235293,0.9294117647058824,0.7558823529411764,0.7588235294117647,0.8852941176470588,0.8676470588235294,0.8323529411764706,0.5235294117647059,0.7970588235294117,0.3852941176470588,0.7470588235294118,0.8323529411764706,0.7029411764705883,0.5,0.6852941176470588,0.8029411764705883,1.0,0.8676470588235294,0.8382352941176471,0.8058823529411765,0.1276971127553396,0.35100553244268673,0.29772041459962045,-0.13516500201516002,-0.12712660902615666,0.23798808206690172,0.5637891192643429,0.33738295499347143,0.18168568340556457,0.5553339554708955,0.06754697823349776,-0.03577072896445722,0.2214239399797772,0.42906264653676185,0.553950570428791,0.12680995875556922,-0.02510482226267169,0.09531664631375686,0.010488730668544688,0.30088626485550685,-0.15,-0.10253154929558947,-0.38420739545827925,-0.12856745528954094,-0.13502018687211154,-0.1970368732287556,-0.15316658731725635,-0.1855672115574452,-0.265487880754859,-0.016236272901568413,-0.15963706043641726,-0.15963706043641726,-0.10162013966241044,-0.24005917050685371,-0.21893874410315728,0.2067967128193418,-0.3061075148067353,,,,,,,,,,,,
Frontal_Mid_R,0.6764705882352942,0.7470588235294118,0.6558823529411765,0.6794117647058824,0.6823529411764706,0.5852941176470587,0.6529411764705881,0.8529411764705882,0.8529411764705882,0.7705882352941176,0.7999999999999999,0.911764705882353,0.8558823529411764,0.8735294117647058,0.7323529411764707,0.8058823529411765,0.6911764705882353,0.85,0.7176470588235294,0.9029411764705882,0.5735294117647058,0.8529411764705882,0.85,0.7647058823529411,0.9205882352941176,0.9,0.8382352941176471,0.6058823529411764,0.7911764705882354,0.2411764705882353,0.8117647058823528,0.7617647058823529,0.6352941176470589,0.6264705882352941,0.8088235294117646,0.7323529411764707,0.8676470588235294,1.0,0.6588235294117648,0.8794117647058824,-0.14551531453515443,0.04067446084099803,-0.04010741336575198,-0.201245669667016,-0.24094927059608762,0.1273312031440748,0.4863455589258343,0.07785760499849341,-0.08567292388229875,0.27915182788376564,-0.0552657094637709,-0.3785735482071722,0.0748053851283031,0.2902482608925154,0.2649328815094218,-0.042779263194649864,-0.1673654817511446,-0.06850883953801275,-0.11088086706747241,0.044247980125809834,0.0588235294117647,0.1798017023879178,-0.17640650842053288,0.04335414189996147,0.07715439249834945,0.05970814340265321,-0.05154644765484589,0.023564090356500977,-0.15634286311119475,0.038376645040070795,0.05608869691009256,0.05608869691009256,0.058910225891252437,-0.09572911707328521,-0.14497295217641495,0.3870052768476253,-0.13686537921647302,,,,,,,,,,,,
Occipital_Inf_R,0.45,0.7323529411764707,0.6823529411764706,0.6911764705882353,0.6647058823529411,0.4382352941176471,0.6088235294117647,0.7352941176470589,0.6264705882352941,0.6529411764705881,0.8088235294117646,0.8117647058823528,0.8588235294117647,0.6852941176470588,0.6470588235294118,0.5970588235294118,0.5735294117647058,0.7676470588235293,0.6617647058823529,0.6088235294117647,0.34411764705882353,0.7588235294117647,0.6617647058823529,0.5882352941176471,0.8176470588235294,0.7058823529411764,0.5352941176470588,0.34705882352941175,0.6,0.4058823529411764,0.44117647058823534,0.6411764705882352,0.6588235294117648,0.25,0.6294117647058822,0.8058823529411765,0.8382352941176471,0.6588235294117648,1.0,0.4941176470588235,-0.0653334065259877,0.3223827637027251,0.19745188118524049,-0.174212669263984,-0.09312763219357988,-0.003031695312954162,0.4662102332378221,0.3144836594056793,-0.03988222318658735,0.4796065979066825,-0.12281268769726865,-0.05961788160742869,-0.02692993864618912,0.26343184548396775,0.480190847735827,-0.006111323313521409,0.04184137043778615,0.004467967795957353,-0.03895814248316599,0.21386523727474752,-0.2323529411764706,-0.31205254133440274,-0.3916822475099967,-0.18537633088259386,-0.151341308362147,-0.316453160034062,-0.032400624240188844,-0.15463934296453766,-0.2507385540462557,-0.019188322520035397,-0.29770154513818353,-0.29770154513818353,-0.047128180713001955,-0.19882201238297698,-0.17751790062418157,0.17873144465100255,-0.2884474658755775,,,,,,,,,,,,
Frontal_Mid_Orb_R,0.7264705882352941,0.7058823529411764,0.6205882352941177,0.5941176470588235,0.6764705882352942,0.44117647058823534,0.7323529411764707,0.6852941176470588,0.6147058823529412,0.6352941176470589,0.6205882352941177,0.8058823529411765,0.7147058823529412,0.7676470588235293,0.6676470588235294,0.888235294117647,0.8411764705882352,0.8411764705882352,0.6529411764705881,0.8764705882352942,0.6235294117647059,0.8294117647058824,0.6588235294117648,0.7941176470588236,0.7470588235294118,0.8852941176470588,0.8029411764705883,0.7058823529411764,0.8647058823529412,0.25,0.8558823529411764,0.7852941176470588,0.5529411764705882,0.4823529411764706,0.6941176470588235,0.6323529411764706,0.8058823529411765,0.8794117647058824,0.4941176470588235,1.0,-0.08909100889907413,-0.08436184470725518,-0.009255556930558148,-0.351429005239416,-0.31929473894941673,0.02576941016011038,0.42129296824148704,0.08243746411605185,-0.0576076557139595,0.24351542432413598,-0.07675792981079292,-0.3204461136399292,-0.0029922154051321244,0.317064676301063,0.2047208629845532,-0.030556616567607043,-0.2259434003640452,-0.19063329262751372,-0.23824402518551505,-0.04129811478408918,0.008823529411764706,0.19317538273082074,-0.09119319503095344,0.1779014788308764,0.13650392518938748,0.14031413699623504,-0.19145823414657043,-0.16936689943735078,-0.24188895802109375,-0.030996520993903334,-0.06040321205702276,-0.06040321205702276,-0.010309289530969178,-0.24889570439054154,-0.10355210869743926,0.3146264273608557,-0.17218547707878862,,,,,,,,,,,,
CBCL-aggr_behav_score,-0.39793983974919783,0.2568790756589971,-0.04751520474617288,-0.01336365133486112,-0.06978795697094141,-0.4023943901941515,0.08018190800916672,0.08760615875075622,-0.17669716764983037,-0.0653334065259877,0.20936387091282424,0.06236370622935189,0.010393951038225317,0.09503040949234576,0.15442441542506183,0.002969700296635805,0.14403046438683653,-0.11581831156879639,0.04751520474617288,0.004454550444953707,0.0014848501483179025,0.15590926557337975,-0.121757712162068,-0.020787902076450634,-0.07572735756421302,-0.03266670326299385,0.05345460533944448,-0.08166675815748463,-0.09354555934402785,0.20639417061618842,-0.060878856081034,0.0014848501483179025,-0.09206070919570994,0.04603035459785497,-0.10690921067888896,-0.03860610385626546,0.1276971127553396,-0.14551531453515443,-0.0653334065259877,-0.08909100889907415,1.0,0.6571028138320721,0.7086866343489323,0.7339367709452569,0.6940368081561393,0.804303236714366,0.20799767802090494,0.5325623436254368,0.9821162888408371,0.5412293853073463,0.5239157910599174,0.8690806427585342,0.8179991628758487,0.3615506942423666,0.5623626369678082,0.4465965629521727,0.3802243704142709,0.7518830997107806,0.7246894625779838,0.8987543585033425,-0.09057585904739203,0.016504130675617044,-0.13887112814272048,-0.3381210076518413,-0.03670413014746603,0.0,-0.23495209565345282,-0.3494540663200089,-0.1295635943492805,0.2079023528146016,-0.361577693247561,-0.361577693247561,-0.35168462419013663,-0.1412686651080887,-0.12696130338248285,-0.40791010629911767,-0.1307629976899923,,,,,,,,,,,,
CBCL-anx_prob_score,-0.22596922689443352,0.3223827637027251,-0.058751998992552706,-0.0346486147904798,-0.09641353680829162,-0.03766153781573892,0.15516553580084433,0.2304886114323222,0.04820676840414581,0.11298461344721676,0.41277045446049854,0.3630572245437232,0.20337230420499014,0.3766153781573892,0.12503630554825318,0.15365907428821476,0.0903876907577734,0.1491396897503261,0.07682953714410738,0.12352984403562364,0.11599753647247585,0.2425403035333586,0.17474953546502858,-0.06477784504307094,0.2606178416849133,0.08586830621988473,0.09490707529566207,-0.16872368941451035,0.05724553747992315,0.27568245681120884,-0.03916799932836847,0.1566719973134739,0.049713229916775376,0.1039458443714394,0.051219691429404926,0.1988529196671015,0.35100553244268673,0.04067446084099803,0.3223827637027251,-0.08436184470725518,0.6571028138320723,1.0,0.9046774193984964,0.6307722166802822,0.6011674692219022,0.483704982632767,0.32367743752060585,0.5270207543782138,0.6506553488950628,0.6342867439073475,0.32238443333283623,0.6519456281661571,0.5494383538221276,0.47427131922884597,0.7740942933055311,0.3020643910418587,0.4243342123957527,0.6392485562324349,0.6254886884116155,0.8083378802025702,0.03314215327785025,-0.17733779649142709,-0.14931525007207552,-0.1546752846900475,-0.1884716145566896,-0.2087243804718725,-0.15237686140541779,-0.1025903621343407,-0.06496921280132809,-0.008316168879819431,-0.0928150164871685,-0.0928150164871685,-0.13200965715815896,-0.08976656686754811,-0.022731030232915873,-0.2057886684877408,-0.2517642614988498,,,,,,,,,,,,
CBCL-anxious_score,-0.2853796720255429,0.3609667202917678,-0.07095926980094579,-0.07558704826622488,-0.030851856435193822,-0.1403759467801319,0.1758555816806048,0.18356854578940326,-0.04010741336575197,0.13574816831485284,0.3023481930648995,0.29155004331258166,0.08175741955326363,0.2992630074213801,0.14654631806717067,0.20053706682875985,0.16968521039356604,0.13112038984957378,0.046277784652790734,0.11106668316669778,0.1604296534630079,0.22521855197691493,0.11569446163197686,0.018511113861116296,0.14191853960189157,0.0539907487615892,0.06016112004862796,-0.11415186881021717,0.07558704826622488,0.22059077351163586,-0.08175741955326363,0.12957779702781405,0.06941667697918612,0.11260927598845746,0.06016112004862796,0.1604296534630079,0.29772041459962045,-0.04010741336575197,0.19745188118524049,-0.009255556930558148,0.7086866343489323,0.9046774193984964,1.0,0.6143934422858683,0.63729432653014,0.41818795904933836,0.308694666616897,0.4908192208514497,0.6918266338515091,0.6269150996163633,0.2053164054890827,0.705885925016972,0.5634008868244078,0.4690996244310144,0.7523957245507833,0.31732236176482354,0.4476785551772648,0.5022615996695146,0.5210370966812125,0.7890464869647232,-0.016968521039356605,-0.1200215892283969,-0.1489760382935408,-0.13564660328832928,-0.16030783759508196,-0.21451336810011395,-0.28039324379504527,-0.3645884602514088,-0.2429025459871795,-0.05573864114332941,-0.22176259596633233,-0.22176259596633233,-0.2155088568011505,-0.17379746516221817,-0.03569019838051822,-0.3548226184815131,-0.40214123094030507,,,,,,,,,,,,
CBCL-attention_hyper_prob_score,-0.636777342826976,0.012014666845792001,-0.23728967020439198,-0.252308003761632,-0.171209002552536,-0.41750967289127194,-0.31238133799059203,0.102124668189232,-0.012014666845792001,-0.039047667248824004,0.0060073334228960005,-0.051062334094616,-0.18923100282122401,-0.066080667651856,-0.07509166778620001,-0.28534833758756,-0.31538500470204,-0.33040333825928,-0.141172335438056,-0.08710633463199201,-0.30036667114480003,-0.07809533449764801,-0.021025666980136002,-0.19523833624412,-0.08710633463199201,-0.24029333691583998,-0.18923100282122401,-0.30036667114480003,-0.318388671413488,-0.033040333825928,-0.39648400591113603,-0.25531167047308,-0.20124566966701601,0.045055000671720004,-0.015018333557239999,-0.153187002283848,-0.13516500201516,-0.20124566966701601,-0.17421266926398402,-0.351429005239416,0.7339367709452569,0.6307722166802822,0.6143934422858685,0.9999999999999998,0.911812640691902,0.6192217557725874,0.02689025287007408,0.2899842874951322,0.7089965335193297,0.2881156745446256,0.31355512451278345,0.613411980013335,0.6890806571766089,0.17237180896565357,0.39969360683564614,0.22780265594052948,0.38457324652874864,0.6479314146720928,0.768173408434538,0.8073607715260482,0.0030036667114480002,0.06677159707718235,-0.05801587570143894,-0.3648893234906292,-0.012122102666516475,0.015244185832977602,-0.25568795906411657,-0.1985341799791964,-0.14158938903628457,0.030147708776408967,-0.15862263399995827,-0.15862263399995827,-0.3354024404193999,-0.08422662180935604,-0.2024400164709786,-0.49478907020072366,-0.23746434057784546,,,,,,,,,,,,
CBCL-attention_prob_score,-0.6031122846822315,-0.004434649152075232,-0.1433869892504325,-0.2365146214440124,-0.0650415208971034,-0.5114628688726768,-0.2660789491245139,0.10495336326578049,-0.04878114067282756,-0.06799795366515354,-0.01773859660830093,-0.03547719321660186,-0.20547207737948572,-0.08869298304150464,-0.1300830417942068,-0.3074690078772161,-0.25425321805231327,-0.3237293881014919,-0.14190877286640743,-0.04878114067282756,-0.3887709089985953,-0.07243260281722878,-0.041390058752702165,-0.1507780711705579,-0.08130190112137925,-0.14782163840250773,-0.2601660835884136,-0.12860482541018173,-0.2276453231398619,0.17147310054690898,-0.4035530728388461,-0.11382266156993096,-0.16999488416288389,-0.09164941580955478,-0.04434649152075232,-0.10051871411370526,-0.12712660902615663,-0.2409492705960876,-0.09312763219357988,-0.3192947389494167,0.6940368081561393,0.6011674692219022,0.63729432653014,0.9118126406919022,1.0,0.5576780694301403,0.12844469717663157,0.37596193194377064,0.6369712223019479,0.42985505537412494,0.3811510550889808,0.6621947641084845,0.5677102547017527,0.3789628417455717,0.4365318510288869,0.39622502285034084,0.6056410684552509,0.6332512723470213,0.8155869701460894,0.8028188866197219,-0.05321578982490278,0.0022405085850605733,0.02254087549286502,-0.26973914339795146,0.09694325402697741,0.09152723340350907,-0.2087357004544652,-0.19541214510630786,-0.15418866889833993,0.04376859416810293,-0.34478316410185433,-0.34478316410185433,-0.22872103347670125,-0.09844627007249601,-0.062453548860175366,-0.46919092365364934,-0.22263532847219764,,,,,,,,,,,,
CBCL-conduct_prob_score,-0.20463943362440595,0.3304547891120037,0.12429950783112065,0.17432248049486435,0.057602210946129086,-0.20312358596792887,0.11065687892282693,0.2789159687917829,0.1667432422124789,0.09246670704510195,0.4411116680348306,0.20312358596792887,0.23040884378451634,0.25314655863167257,0.2880110547306454,0.050022972663743684,0.15461646096066226,-0.09398255470157901,0.2349563867539476,0.15613230861713934,0.1045934882969186,0.2395039297233788,0.19099680471611222,0.2152503672197455,0.13491044142646022,0.15764815627361645,0.31984385551666417,0.12581535548759776,0.019706019534202056,0.29862198832598497,0.17280663283838724,0.2182820625326997,0.05457051563317492,0.3698668281804078,0.006063390625908325,0.15461646096066226,0.23798808206690175,0.1273312031440748,-0.0030316953129541626,0.02576941016011038,0.804303236714366,0.483704982632767,0.41818795904933836,0.6192217557725874,0.5576780694301403,1.0,0.37837995546998543,0.3650760292480695,0.8572124293953001,0.5839042527241306,0.6851814780425433,0.6713708104361853,0.9037013774495765,0.47072237323604516,0.5004000951241998,0.587419785135174,0.42697806484308165,0.8412669107262905,0.7305509397519924,0.7822076231522265,-0.0803399257932853,0.22515947801622868,-0.12327841818038447,-0.42145809215418945,-0.022176335535530462,0.07077760731311632,0.03947012611402739,-0.01518081773616438,0.0,0.3765592582848017,-0.282403576576663,-0.282403576576663,-0.18216981283397257,0.04554245320849314,-0.10521422661476373,-0.20630956338021875,-0.035648641807778915,,,,,,,,,,,,
CBCL-depressed_score,0.2803456884254013,0.45846587720397125,0.4321350666888783,0.31287198376757497,0.3361050518691276,0.29118778687279256,0.3190674685946556,0.4042553849670152,0.590119929779436,0.6149018690877587,0.6489770356367026,0.6288417099486903,0.5173229830612378,0.6195484827080693,0.38721780169254333,0.367082476004531,0.518871854268008,0.4073531273805555,0.3082253701472644,0.44762377875658,0.40890199858732573,0.3717290896248416,0.5823755737455851,0.47085684685813256,0.5421049223695605,0.644330422016392,0.33455618066235737,0.13010518136869453,0.26330810515092945,0.09912775723329108,0.30667649894049426,0.4507215211701204,0.5436537935763307,0.45846587720397125,0.2834434308389417,0.7109318839075094,0.563789119264343,0.48634555892583436,0.46621023323782207,0.42129296824148704,0.20799767802090494,0.32367743752060585,0.308694666616897,0.026890252870074075,0.12844469717663157,0.37837995546998543,0.9999999999999998,0.45824732991895745,0.22402800248462454,0.8421560121372729,0.26678500271000055,0.2849163666208356,0.31672557654856165,0.6537636339606759,0.7189930721060951,0.438496362049086,0.4362800098889068,0.22587880977194977,0.12625224218390596,0.3712738108106973,0.08518791637235952,0.3803110304382736,0.1401350660575145,0.11021859128119117,0.24378452271373777,0.20202304960340872,0.3234156080292011,0.031798656904549756,0.05437064175052053,0.37154872666533145,-0.38171172748234644,-0.38171172748234644,0.268349641194493,0.003877884988359726,0.1480160231384601,0.32126237856302065,0.10927579949199269,,,,,,,,,,,,
CBCL-depressive_prob_score,-0.0503784502931428,0.14808211146772277,-0.12365619617407779,-0.05801154882240686,-0.10381013999799121,0.059538168528259675,0.0045798591175584364,0.054958309410701234,-0.06106478823411249,0.08701732323361028,0.38623478558076146,0.3297498564642074,0.24731239234815558,0.3526491520519996,-0.0045798591175584364,0.007633098529264061,0.2305195755837746,0.20456704058427683,-0.14655549176186997,0.2534188711715668,0.033585633528761864,0.2244130967603634,-0.02289929558779218,-0.02137267588193937,0.16640154793795653,0.1496087311735756,0.030532394117056244,-0.12365619617407779,-0.08091084441019904,0.12976267499748903,0.038165492646320305,0.1129698582331081,0.2152533785252465,-0.2167799982310993,0.07327774588093498,0.08854394293946309,0.3373829549934715,0.07785760499849341,0.3144836594056793,0.08243746411605185,0.5325623436254368,0.5270207543782138,0.4908192208514497,0.28998428749513216,0.37596193194377064,0.3650760292480694,0.45824732991895745,1.0,0.4653868069750878,0.6304428322512405,0.5330760213102032,0.3899032600712028,0.19180927031848805,0.4806176167034992,0.7719513319695888,0.3283109676279413,0.23455216023413714,0.5295282470788694,0.5576398868262443,0.612451868198487,-0.31295703969982647,-0.09641136310313482,-0.2490849055829339,-0.1753681889773927,-0.18406236351197647,-0.08057803943344435,0.04280835157958942,-0.08179452891100121,0.10105455825275034,0.11798428340701855,-0.3583123371410219,-0.3583123371410219,-0.0542748743241223,-0.2713743716206115,-0.06142719371981928,0.1058045788510084,0.04048520168811998,,,,,,,,,,,,
CBCL-externalizing_score,-0.33678321802007094,0.3249662630018228,-0.007385596886405063,0.05317629758211646,-0.03692798443202532,-0.35303153117016206,0.1388492214644152,0.1388492214644152,-0.11226107267335697,-0.022156790659215192,0.28656115919251646,0.10192123703238987,0.08715004325957976,0.1477119377281013,0.22747638410127596,0.05908477509124051,0.17577720589644052,-0.09158140139142278,0.12703226644616708,0.017725432527372156,0.11373819205063798,0.20975095157390383,-0.03692798443202532,0.06499325260036456,-0.023633910036496206,-0.011816955018248103,0.15214329585994432,-0.0576076557139595,-0.05317629758211646,0.20531959344206077,0.001477119377281013,0.04726782007299241,-0.0576076557139595,0.1477119377281013,-0.08715004325957976,0.02658814879105823,0.18168568340556454,-0.08567292388229875,-0.039882223186587344,-0.0576076557139595,0.9821162888408372,0.6506553488950628,0.6918266338515092,0.7089965335193296,0.6369712223019479,0.8572124293953001,0.22402800248462454,0.4653868069750877,1.0,0.5436315676271605,0.5273559652488464,0.8540763690091165,0.8971430520645232,0.33590167711147023,0.5632146986697255,0.4718944799100361,0.3656365995540468,0.749464408570551,0.6757650749978558,0.8762972579399054,-0.11078395329607597,0.024627304567146662,-0.1786915707070641,-0.39492338736099036,-0.07302606519383084,-0.03298532479497316,-0.20858079453297756,-0.3394985272717613,-0.14518534451075354,0.23498894521680597,-0.3510278103048349,-0.3510278103048349,-0.363906918121365,-0.10650934188918,-0.16344743154834618,-0.39762611275964393,-0.17295018318202895,,,,,,,,,,,,
CBCL-internalizing_score,0.07275765726757721,0.5241521023562195,0.3430003842614355,0.24054572402750019,0.21827297180273167,0.04900005489449078,0.35190948515134285,0.3608185860412503,0.34893978485470706,0.3459700845580712,0.6355158634800622,0.5553339554708955,0.43654594360546334,0.5211824020595837,0.3608185860412503,0.3133033812950774,0.4989096498348151,0.30884883085012366,0.30736398070180576,0.3177579317400311,0.2004547700229168,0.39051558900760824,0.37269738722779355,0.35339433529966074,0.38606103856265456,0.48109144805500037,0.3207276320366669,0.10987891097552477,0.23163662313759278,0.334091283371528,0.18412141839141988,0.49000054894490774,0.4588186958302318,0.3103336809984416,0.1291819629036575,0.5597885059158492,0.5553339554708955,0.27915182788376564,0.4796065979066825,0.243515424324136,0.5412293853073463,0.6342867439073475,0.6269150996163633,0.2881156745446256,0.429855055374125,0.5839042527241306,0.8421560121372729,0.6304428322512406,0.5436315676271605,1.0,0.49989006691367854,0.6147522815010584,0.5173863587903568,0.7422142005151666,0.8640625922059431,0.6864783092010945,0.6463814297042605,0.500002261307669,0.47203154973764294,0.7014304935461048,-0.17669716764983037,0.03750938789912965,-0.12377644030112048,-0.16226789429720062,-0.03146068298354231,-0.06556232891174638,0.08847879551506609,-0.1152454899565987,-0.09977886001611258,0.20715718309125175,-0.4900902468716941,-0.4900902468716941,0.013383347220766298,-0.10929733563625812,0.01194929914188074,0.010440112409849447,-0.13893568504561685,,,,,,,,,,,,
CBCL-obsessive_comp_prob_score,-0.01688674455837444,-0.06447666104106604,-0.2533011683756166,-0.22566831364373122,-0.3530864771296474,-0.2348792652210263,-0.024562537539453734,-0.1473752252367224,-0.18882450733455056,-0.357691952918295,0.1473752252367224,0.04605475788647575,-0.021492220347022015,0.1443049080442907,-0.2210628378550836,-0.15505101821780168,0.05373055086755504,-0.1366291150632114,-0.19035966593076642,-0.05219539227133918,-0.09825015015781494,-0.03837896490539646,-0.13048848067834798,-0.09671499156159907,-0.09364467436916735,-0.004605475788647575,0.0629415024448502,0.04144928209782817,-0.06601181963728191,0.21952767925886774,0.03991412350161232,0.25483632697183245,-0.07061729542592947,-0.15198070102536998,-0.39607091782369147,-0.1473752252367224,0.06754697823349776,-0.0552657094637709,-0.12281268769726865,-0.07675792981079292,0.5239157910599174,0.32238443333283623,0.2053164054890827,0.31355512451278345,0.3811510550889808,0.6851814780425431,0.26678500271000055,0.5330760213102032,0.5273559652488465,0.4998900669136785,1.0,0.4193121821003882,0.46073057765208525,0.6084549203724011,0.37949188360732494,0.7320657959980985,0.4193139346887673,0.6615314644420492,0.6718158151817233,0.4749955331622055,-0.2563714855680483,-0.10160425377868972,-0.10612157112261641,-0.22784925564561762,-0.12933198684205238,0.09661118896754056,0.11684400926911066,0.32900813136302215,0.33873263304922274,0.09399086658260826,-0.06080340884975718,-0.06080340884975718,-0.007687105872967807,-0.03843552936483904,-0.020075502326238157,0.010022847292741234,0.18973164652393998,,,,,,,,,,,,
CBCL-oppo_def_prob_score,-0.49631886438184386,0.13264978657652884,-0.016394917442042887,-0.07899369312984302,-0.11923576321485738,-0.5142042288640725,0.0014904470401857172,-0.08346503425040017,-0.25486644387175766,-0.14159246881764315,0.09091726945132875,-0.10880263393355735,-0.10731218689337164,-0.0864459283307716,0.032789834884085774,-0.13712112769708598,0.04024207008501437,-0.284675384675472,-0.014904470401857172,-0.2623186790726862,-0.08197458721021444,-0.06110832864761441,-0.1967390093045147,-0.12370710433541453,-0.21015303266618615,-0.14606380993820028,-0.1654396214606146,-0.19375811522414324,-0.21313392674655757,0.25188554979138617,-0.27424225539417196,-0.09091726945132875,-0.17885364482228608,-0.02086625856260004,-0.3204461136399292,0.02086625856260004,-0.03577072896445722,-0.3785735482071722,-0.05961788160742869,-0.3204461136399292,0.8690806427585342,0.651945628166157,0.7058859250169719,0.613411980013335,0.6621947641084845,0.6713708104361853,0.28491636662083564,0.3899032600712028,0.8540763690091165,0.6147522815010584,0.4193121821003882,1.0,0.7278293385697323,0.3581172848875817,0.5377838775780328,0.5287999903727795,0.6106520991440524,0.6558492433889176,0.5907448668463496,0.7922705757660193,-0.038751623044828654,-0.006024123712337494,0.05378812574953733,-0.2212131368854211,0.0609028753786729,0.009833596729846308,-0.020150690231838374,-0.276885410222668,-0.061288855861144895,0.31190704066131414,-0.49193755928925964,-0.49193755928925964,-0.17016138417996848,0.013433793487892249,0.08695896505045987,-0.3914828580120666,-0.06264485502837024,,,,,,,,,,,,
CBCL-rule_break_behav_score,-0.24835387862596628,0.4024529719902707,0.10622364688219041,0.145122447148908,0.07181316972317098,-0.26181884794906085,0.16307573957970076,0.27827603267728757,0.1615796318771347,0.1496107702566062,0.3800113564517798,0.1810290320104935,0.1810290320104935,0.22890447849260748,0.3306398022670997,0.11968861620528495,0.15409909336430438,-0.07929370823600128,0.26181884794906085,0.052363769589812176,0.2393772324105699,0.23488890930287173,0.23488890930287173,0.24685777092340025,0.11520029309758677,0.07630149283086916,0.27827603267728757,-0.008976646215396372,0.01645718472822668,0.12417693931298314,0.05086766188724611,0.12716915471811527,0.0314182617538873,0.4189101567184974,-0.0029922154051321244,0.20646286295411656,0.2214239399797772,0.0748053851283031,-0.026929938646189117,-0.0029922154051321244,0.8179991628758487,0.5494383538221276,0.5634008868244078,0.6890806571766089,0.5677102547017526,0.9037013774495765,0.3167255765485616,0.19180927031848805,0.8971430520645232,0.5173863587903567,0.4607305776520852,0.7278293385697323,1.0,0.3145427258798443,0.48546086907965097,0.48184652839357,0.3831070831790977,0.6613704687384809,0.5419213613567959,0.763018248067082,-0.03889880026671761,0.1662925855239973,-0.12623577794555255,-0.4288974624174195,-0.013585373829422022,0.008352337538933762,-0.1101259853734039,-0.23673341073466414,-0.15155328034370752,0.2785539637624548,-0.278726008080838,-0.278726008080838,-0.3071541088645958,0.0037457818154219007,-0.19715326529548094,-0.36441740389555594,-0.22008972249587758,,,,,,,,,,,,
CBCL-sluggish_cogn_tempo_score,0.1782502906568165,0.25554466448145374,0.1356595132432409,0.05678770321810083,0.1530113114487717,0.05994257561910643,0.2807836436894986,0.25238979208044815,0.20664414226586691,0.21926363186988934,0.41959802933374507,0.48742778595536557,0.22872824907290615,0.48427291355435986,0.06309744802011204,0.22872824907290615,0.3028677504965378,0.2586995368824594,0.07887181002514006,0.38647186912318626,0.18771490785983333,0.2445026110779342,0.36754263471715265,0.27762877128849295,0.37227494331866107,0.4984698393588851,0.20348926986486132,0.3549231451131302,0.3612328899151414,0.41644315693273953,0.2792062074889958,0.610467809594584,0.2949805694940238,0.11515284263670447,0.03943590501257003,0.3612328899151414,0.42906264653676185,0.2902482608925154,0.26343184548396775,0.317064676301063,0.3615506942423666,0.4742713192288459,0.46909962443101433,0.1723718089656536,0.3789628417455717,0.4707223732360452,0.6537636339606759,0.4806176167034992,0.3359016771114703,0.7422142005151667,0.6084549203724011,0.3581172848875817,0.3145427258798443,0.9999999999999998,0.6135747905130154,0.5399970704920382,0.484719366638562,0.5231916446247031,0.48941007616595783,0.47541993456117876,0.05521026701759804,0.09962060211567049,0.07536872538884536,0.0761705203397905,0.08355594045466777,0.1312949868942118,0.07819817392090453,0.16192551165439828,0.11865722160428754,0.06253907721160956,-0.15503777282517836,-0.15503777282517836,0.15955587002043148,-0.13901897585938583,0.1713741755612878,0.02693551184384431,0.01262877888728547,,,,,,,,,,,,
CBCL-social_prob_score,-0.0030106009262434296,0.44707423754714937,0.10838163334476346,0.08881272732418116,0.10988693380788518,0.15203534677529318,0.18665725742709263,0.31009189540307325,0.2860070879931258,0.4079364255059847,0.6382473963636071,0.5795406783018603,0.44857953801027106,0.5569611713550344,0.2528904778044481,0.27998588614063896,0.35374560883360295,0.31761839771868183,0.13848764260719776,0.3627774116123333,0.3055759940137081,0.38987281994852413,0.39589402180101096,0.2980494916980995,0.4260000310634453,0.3462191065179944,0.26041698012005665,-0.09784453010291146,0.11289753473412863,0.14601414492280634,0.11590813566037202,0.30407069355058636,0.38987281994852413,0.20622616344767492,0.2333215717838658,0.49975975375640935,0.553950570428791,0.2649328815094218,0.480190847735827,0.20472086298455322,0.5623626369678082,0.774094293305531,0.7523957245507833,0.3996936068356462,0.4365318510288869,0.5004000951241997,0.718993072106095,0.7719513319695888,0.5632146986697255,0.8640625922059431,0.379491883607325,0.5377838775780329,0.4854608690796509,0.6135747905130154,0.9999999999999998,0.36125956676089727,0.3597636615081581,0.5602453115725436,0.46702948371175146,0.7360018799801807,-0.23181627132074403,0.05323638796541825,-0.19969869023358502,-0.2318341116504838,-0.1936420203319382,-0.16730919244791626,0.0037687975884600528,-0.1907011579760787,-0.11172131101237617,0.10576057545651187,-0.4438438102803368,-0.4438438102803368,-0.12286280138379774,-0.3060263641829563,-0.12719566233846014,-0.038555637090142286,-0.27040033005321806,,,,,,,,,,,,
CBCL-som_comp_score,0.024445293254085634,0.18181186857726192,0.09166984970282113,0.03361227822436775,-0.11458731212852642,-0.20320150017458685,0.2230633009435314,0.024445293254085634,-0.021389631597324932,-0.2307024550854332,0.20472933100296722,0.08250286473253902,0.016806139112183874,0.11917080461366748,0.08097503390415867,-0.010694815798662466,0.25361991751113844,-0.08861418804606043,0.12375429709880853,-0.06264106396359444,-0.055001909821692674,0.061113233135214086,-0.0702802181054962,0.039723601537889154,-0.08708635721768007,0.10236466550148361,0.17417271443536014,0.134449112897471,0.03361227822436775,0.32542796644501504,0.061113233135214086,0.3345949514152971,0.1375047745542317,0.14667175952451383,-0.31626098147473286,0.03666793988112846,0.12680995875556922,-0.042779263194649864,-0.006111323313521409,-0.030556616567607043,0.4465965629521727,0.3020643910418587,0.31732236176482354,0.22780265594052948,0.39622502285034084,0.587419785135174,0.43849636204908593,0.32831096762794126,0.4718944799100361,0.6864783092010945,0.7320657959980985,0.5287999903727795,0.48184652839357,0.5399970704920382,0.36125956676089727,1.0,0.7824607964359516,0.3883709009623529,0.4958136876814533,0.44821072850039767,-0.18181186857726192,-0.11964493365054572,-0.09163656264322163,-0.1491035595550725,-0.01387343499138632,0.03489315788994266,0.09180495640797601,0.084154543373978,0.019920476822239894,0.15488138109683952,-0.23532901826048364,-0.23532901826048364,0.07650413033998,0.1943204910635492,0.09067699104215778,-0.012276929558635083,0.04433970874516698,,,,,,,,,,,,
CBCL-som_prob_score,-0.3514675116774037,0.10878756313824398,0.09205101496312952,-0.07531446678801507,-0.05857791861290062,-0.4184137043778615,-0.03347309635022892,0.05857791861290062,0.05020964452534338,-0.06694619270045785,0.12552411131335844,-0.00836827408755723,-0.05857791861290062,0.06694619270045785,-0.00836827408755723,-0.11715583722580124,0.06694619270045785,-0.15899720766358735,0.01673654817511446,-0.1422606594884729,-0.25941649671427414,-0.07531446678801507,-0.00836827408755723,-0.11715583722580124,-0.05020964452534338,0.03347309635022892,-0.12552411131335844,0.10878756313824398,-0.03347309635022892,0.46025507481564765,-0.20920685218893076,0.1422606594884729,-0.10878756313824398,0.12552411131335844,-0.17573375583870185,0.0836827408755723,-0.02510482226267169,-0.1673654817511446,0.04184137043778615,-0.2259434003640452,0.3802243704142709,0.42433421239575275,0.44767855517726485,0.38457324652874864,0.6056410684552509,0.4269780648430817,0.4362800098889068,0.23455216023413714,0.3656365995540468,0.6463814297042605,0.41931393468876726,0.6106520991440523,0.3831070831790977,0.484719366638562,0.3597636615081581,0.7824607964359516,1.0,0.36865730623116805,0.53716814715749,0.5161692403659051,0.05857791861290062,0.050734628943184104,0.22968951461051668,0.09783071918596081,0.2786224208116719,0.19961181664640332,0.3268436958502749,0.18437336688989864,0.15946691978784058,0.3863636835205434,-0.29461716968414176,-0.29461716968414176,0.364556429986845,0.4357915944670331,0.44615070717722644,0.05883807349145581,0.12142929336468518,,,,,,,,,,,,
CBCL-stress_prob_score,-0.36339471407119806,0.06850883953801273,-0.10574190450432401,-0.03127577457170147,-0.11020987230028138,-0.1861653248315564,-0.12361377568815342,0.10872054970162891,-0.05212629095283579,-0.046169000558225974,0.3127577457170147,0.09084867851779951,0.09382732371510442,0.12361377568815342,0.004467967795957353,-0.16680413104907452,-0.12361377568815342,-0.22339838979786764,-0.028297129374396567,0.09233800111645195,-0.08340206552453726,0.06850883953801273,0.03127577457170147,-0.05361561355148823,0.05659425874879313,-0.01489322598652451,0.06553019434070784,0.008935935591914706,-0.13552835647737302,0.39467048864289955,0.026807806775744115,0.0640408717420554,-0.11467784009623871,0.06850883953801273,-0.05957290394609804,-0.020850516381134315,0.09531664631375686,-0.06850883953801273,0.004467967795957353,-0.19063329262751372,0.7518830997107806,0.639248556232435,0.5022615996695146,0.6479314146720928,0.6332512723470213,0.8412669107262905,0.22587880977194977,0.5295282470788694,0.749464408570551,0.5000022613076691,0.6615314644420492,0.6558492433889176,0.6613704687384808,0.5231916446247031,0.5602453115725436,0.3883709009623529,0.36865730623116805,1.0,0.8808963487596746,0.7939134447457656,-0.049147645755530885,0.14146010457875316,-0.06813069242310382,-0.3451955082770593,-0.12021121634846649,0.0015117196839835954,0.08949105732579424,0.12379596263401536,0.12248523512540506,0.3027027572983406,-0.22502818596751148,-0.22502818596751148,-0.10962654522409797,-0.016406693843062276,0.01797793663241549,-0.21092710899889758,0.0126685606338552,,,,,,,,,,,,
CBCL-thought_prob_score,-0.47199288008451096,0.028469411814621294,-0.16632130060120862,-0.14684222935962563,-0.17681003126975328,-0.32215387053387257,-0.1947907124158299,0.11537603735399155,-0.07641789487082558,-0.16332452041019585,0.17381325107874054,0.043453312769685136,-0.046450092960697895,0.06742755429778727,-0.07192272458430643,-0.2337488548989959,-0.15583256993266395,-0.22176173413494485,-0.10039213639892772,0.06742755429778727,-0.3775943040676088,0.023974241528102142,-0.09290018592139579,-0.20677783317988097,-0.025472631623608525,-0.06742755429778727,-0.035961362292153215,0.02247585143259576,-0.15133739964614476,0.4075621059777364,-0.1123792571629788,0.041954922674178746,-0.15133739964614476,-0.028469411814621294,-0.043453312769685136,-0.1843019817472852,0.010488730668544687,-0.11088086706747242,-0.03895814248316599,-0.23824402518551502,0.7246894625779838,0.6254886884116156,0.5210370966812125,0.768173408434538,0.8155869701460894,0.7305509397519924,0.12625224218390596,0.5576398868262443,0.6757650749978558,0.47203154973764294,0.6718158151817233,0.5907448668463495,0.5419213613567959,0.48941007616595783,0.4670294837117515,0.49581368768145323,0.5371681471574898,0.8808963487596745,1.0,0.8303062067373488,-0.08690662553937027,-0.0015140570347851648,-0.11119602520855448,-0.2970304782968237,-0.08768374942978317,0.01520923541825377,-0.034513765108803086,0.12154847712230654,0.08415773317156838,0.1556566980042548,-0.14287267146390176,-0.14287267146390176,-0.09378740518696492,0.030762268901324497,0.02260924044598062,-0.22425166185897663,-0.011995944556754248,,,,,,,,,,,,
CBCL-total_problems_score,-0.40855634982831074,0.40118168647400915,0.07817143155559737,0.0693218355304354,0.06342210484699409,-0.27433747678002096,0.07079676820129574,0.3244851875892721,0.11504474832710555,0.16224259379463604,0.4292054072203554,0.29498653417206555,0.2064905739204459,0.28908680348862426,0.2581132174005573,0.08112129689731802,0.16224259379463604,0.0427730474549495,0.15486793044033442,0.18141671851582028,-0.07522156621387671,0.2861369381469036,0.13716873839001048,0.07522156621387671,0.17994178584495998,0.13126900770656919,0.13716873839001048,-0.02949865341720655,0.004424798012580984,0.32301025491841173,-0.051622643480111474,0.1386436710608708,0.0796463642264577,0.17846685317409966,0.14159353640259148,0.17699192050323934,0.30088626485550685,0.044247980125809834,0.21386523727474752,-0.04129811478408917,0.8987543585033425,0.8083378802025702,0.7890464869647232,0.8073607715260483,0.8028188866197219,0.7822076231522265,0.3712738108106973,0.612451868198487,0.8762972579399053,0.7014304935461048,0.47499553316220555,0.7922705757660193,0.7630182480670819,0.47541993456117876,0.7360018799801809,0.4482107285003976,0.5161692403659051,0.7939134447457655,0.8303062067373488,0.9999999999999998,-0.1386436710608708,0.002235531514304217,-0.2106638560956842,-0.3815939599740329,-0.09300760006419914,-0.09880948137434716,-0.16543592641532243,-0.25110810259468586,-0.15680473372781065,0.18282758524338147,-0.38296261243058893,-0.38296261243058893,-0.2710490401536756,-0.12776971102611956,-0.12759700093019138,-0.33259295757820584,-0.24280502314725733,,,,,,,,,,,,
"VSA DAS_SA,PC_ABILITY_SCORE",0.023529411764705882,-0.17941176470588235,0.032352941176470584,0.0411764705882353,-0.014705882352941175,0.15588235294117647,0.03529411764705882,0.032352941176470584,0.07058823529411765,0.1323529411764706,-0.13823529411764704,-0.0588235294117647,-0.17058823529411765,0.0411764705882353,-0.023529411764705882,-0.02647058823529412,-0.15,-0.0588235294117647,-0.02647058823529412,0.049999999999999996,0.19999999999999998,-0.14705882352941177,0.044117647058823525,-0.2676470588235294,0.07647058823529412,0.09999999999999999,-0.15,0.055882352941176466,0.01764705882352941,0.0,0.15,-0.15588235294117647,-0.2441176470588235,0.22647058823529412,0.008823529411764706,-0.08529411764705883,-0.15,0.0588235294117647,-0.2323529411764706,0.008823529411764706,-0.09057585904739203,0.03314215327785024,-0.016968521039356605,0.0030036667114480002,-0.053215789824902784,-0.0803399257932853,0.08518791637235952,-0.31295703969982647,-0.11078395329607596,-0.1766971676498304,-0.25637148556804834,-0.038751623044828654,-0.03889880026671762,0.05521026701759804,-0.23181627132074406,-0.18181186857726192,0.05857791861290061,-0.049147645755530885,-0.08690662553937026,-0.1386436710608708,1.0,0.488882314757231,0.6802115367062921,0.7205757377855665,0.6632310278223501,0.5791689910057362,0.26215050521607336,0.3063331746345127,0.3244851875892721,0.377862351163774,0.47028215101539145,0.47028215101539145,0.5611199016141795,0.5714291911451487,0.6153953888304962,0.348600173038319,0.5916116391937865,,,,,,,,,,,,
"VSA DAS_SA,matrices_ABILITY_SCORE",-0.13819469687666408,-0.06984033067960443,0.06389647274942534,-0.03269121861598505,0.10104558481304471,0.040121041028708934,-0.26450167789297,0.06835436619705965,0.3298841151249401,0.39823848132199974,0.062410508266880556,0.0059438579301791,0.016345609307992524,0.12036312308612679,0.06686840171451487,0.035663147581074604,0.008915786895268651,-0.11887715860358199,-0.0416070055112537,0.2318104592769849,0.18723152480064167,-0.07578418860978353,0.2630157134104252,0.14562451928938797,0.10253154929558947,0.18277363135300734,0.04903682792397759,0.12333505205121632,-0.057952614819246226,-0.09064383343523127,0.17831573790537303,-0.14562451928938797,-0.14116662584175363,0.4844244213095967,0.2570718554802461,0.12630698101630589,-0.10253154929558947,0.1798017023879178,-0.3120525413344028,0.19317538273082077,0.016504130675617047,-0.17733779649142709,-0.12002158922839688,0.06677159707718235,0.0022405085850605733,0.22515947801622868,0.3803110304382736,-0.0964113631031348,0.024627304567146662,0.03750938789912966,-0.10160425377868972,-0.006024123712337494,0.16629258552399734,0.09962060211567049,0.053236387965418255,-0.11964493365054571,0.050734628943184104,0.14146010457875316,-0.0015140570347851646,0.002235531514304217,0.48888231475723104,1.0,0.6329420678497829,0.40484122716883486,0.5524743840314038,0.6191616930263065,0.47472130357535103,0.24108103817933194,0.26826378171650606,0.6204464865978536,-0.052315524744756155,-0.052315524744756155,0.436029285102125,0.31474468873412775,0.43647673536162324,0.3604541850282375,0.3777128107560498,,,,,,,,,,,,
"VSA DAS_SA,rd_ABILITY_SCORE",-0.14052721857228892,-0.4260665669478973,-0.09268816544129693,-0.3019840228893868,-0.1255775144688539,-0.31543875658247833,-0.28852928919629534,-0.26759970345148637,-0.07474852051717495,-0.04335414189996147,-0.3513180464307223,-0.2720846146825168,-0.28703431878595187,-0.13903224816194543,-0.3662677505341573,-0.1764065084205329,-0.1704266267791589,-0.2765695259135474,-0.2840443779652648,-0.1375372777516019,-0.004484911231030498,-0.3528130168410658,-0.07624349092751846,-0.24816508811702084,-0.11361775118610594,-0.023919526565495987,-0.3976621291513708,0.05381893477236596,-0.08371834297923596,0.01943461533446549,-0.10315295831370143,-0.23022544319289887,-0.5725736671615601,-0.07923343174820545,-0.18537633088259386,-0.08521331338957945,-0.38420739545827925,-0.1764065084205329,-0.3916822475099967,-0.09119319503095344,-0.1388711281427205,-0.14931525007207555,-0.1489760382935408,-0.05801587570143895,0.02254087549286502,-0.12327841818038447,0.1401350660575145,-0.2490849055829339,-0.1786915707070641,-0.12377644030112048,-0.10612157112261641,0.053788125749537334,-0.12623577794555252,0.07536872538884534,-0.19969869023358502,-0.09163656264322163,0.2296895146105167,-0.06813069242310381,-0.1111960252085545,-0.21066385609568422,0.6802115367062921,0.6329420678497828,0.9999999999999998,0.8115501519756838,0.8635238021812421,0.8786049569350981,0.5075419038803879,0.43118604223466567,0.5277841803963048,0.5281749869514432,0.039474443575393606,0.039474443575393606,0.6572592796563134,0.438671911023462,0.7564328862436768,0.4437257070919113,0.6388222602859843,,,,,,,,,,,,
"VSA DAS_SA,seq_qr_ABILITY_SCORE",0.1644467451377849,-0.2511550289377078,-0.046344082720648466,-0.1793964492412199,-0.10016301749301444,-0.0074748520517174954,0.0074748520517174954,-0.1689316563688154,-0.059798816413739964,0.004484911231030498,-0.23620532483427287,-0.05531390518270947,-0.1480020706240064,0.11062781036541894,-0.22574053196186838,0.12109260323782345,0.10016301749301444,0.12109260323782345,-0.1868713012929374,0.05381893477236596,0.13903224816194543,-0.14351715939297593,-0.06727366846545746,-0.2511550289377078,0.035879289848243984,0.15398195226538042,-0.20331597580671587,0.2018210053963724,0.18238639006190688,0.09268816544129693,0.1554769226757239,-0.014949704103434991,-0.3722476321755313,-0.06129378682408347,-0.03737426025858748,-0.08072840215854896,-0.12856745528954094,0.04335414189996147,-0.18537633088259386,0.17790147883087642,-0.3381210076518413,-0.1546752846900475,-0.13564660328832928,-0.36488932349062914,-0.26973914339795146,-0.42145809215418945,0.11021859128119119,-0.17536818897739273,-0.3949233873609903,-0.16226789429720062,-0.2278492556456176,-0.2212131368854211,-0.42889746241741955,0.0761705203397905,-0.2318341116504838,-0.1491035595550725,0.09783071918596081,-0.3451955082770593,-0.2970304782968237,-0.3815939599740329,0.7205757377855665,0.40484122716883486,0.8115501519756838,0.9999999999999998,0.7240024891650589,0.7078915585668796,0.40498550147387874,0.44091767166010093,0.5172884722634239,0.3293591182836414,0.33553277039084567,0.33553277039084567,0.7665529639727391,0.47160973369416564,0.800044325013193,0.6652131581783982,0.6433104728875253,,,,,,,,,,,,
"VSA DAS_SA,verbal_similarities_ABILITY_SCORE",-0.008902429903655706,-0.12166654201662797,0.2299794391777724,0.04599588783555447,0.21365831768773694,-0.2967476634551902,-0.014837383172759509,0.0756706541810735,0.14689009341031914,0.18249981302494195,-0.13205271023755963,-0.04302841120100258,-0.03560971961462282,0.05193084110465829,-0.04006093456645068,0.004451214951827853,0.08012186913290135,-0.032642242980070915,0.022256074759139266,0.10089420557476467,0.08902429903655706,-0.03560971961462282,0.09495925230566087,-0.013353644855483559,0.12463401865117987,0.24333308403325593,-0.20475588778408121,0.27449158869605095,0.13650392518938748,0.12760149528573178,0.06825196259469374,-0.038577196249174724,-0.35609719614622826,0.025223551393691167,0.06973570091196969,0.10979663547842038,-0.13502018687211154,0.07715439249834945,-0.151341308362147,0.13650392518938748,-0.03670413014746603,-0.1884716145566896,-0.16030783759508194,-0.012122102666516475,0.09694325402697741,-0.022176335535530462,0.24378452271373774,-0.18406236351197647,-0.07302606519383086,-0.03146068298354231,-0.1293319868420524,0.06090287537867291,-0.013585373829422022,0.08355594045466778,-0.1936420203319382,-0.013873434991386322,0.2786224208116719,-0.12021121634846649,-0.08768374942978317,-0.09300760006419914,0.6632310278223501,0.5524743840314038,0.8635238021812421,0.724002489165059,0.9999999999999998,0.9292337284467812,0.3945131168064109,0.23180431721958608,0.3690541570547421,0.6068585784352463,-0.10012120298365658,-0.10012120298365658,0.5802537556041562,0.44429160800420664,0.6567193438218167,0.4545499976350695,0.6132349990195197,,,,,,,,,,,,
"VSA DAS_SA,word_defn_ABILITY_SCORE",0.020897850190928623,-0.2642085345567405,0.02686866453119394,-0.13583602624103605,0.020897850190928623,-0.30898964210873037,-0.13434332265596974,-0.06120084698771954,0.0492592183071889,0.03134677528639293,-0.18808065171835764,-0.08956221510397981,-0.0985184366143778,0.04627381113705623,-0.20599309473915356,-0.05970814340265321,0.023883257361061283,-0.11643087963517378,-0.13434332265596974,0.10150384378451045,0.08359140076371449,-0.10001114019944413,0.017912443020795966,-0.07015706849811752,0.047766514722122566,0.16569009794236264,-0.18808065171835764,0.23883257361061283,0.06717166132798487,0.05821543981758689,0.10299654736957678,-0.05970814340265321,-0.46124540778549605,-0.0492592183071889,-0.029854071701326604,-0.03582488604159193,-0.1970368732287556,0.05970814340265321,-0.31645316003406204,0.14031413699623504,0.0,-0.2087243804718725,-0.21451336810011395,0.015244185832977602,0.09152723340350907,0.07077760731311632,0.2020230496034087,-0.08057803943344435,-0.03298532479497317,-0.06556232891174638,0.09661118896754056,0.009833596729846307,0.008352337538933762,0.1312949868942118,-0.16730919244791626,0.03489315788994266,0.19961181664640332,0.0015117196839835956,0.015209235418253768,-0.09880948137434714,0.5791689910057362,0.6191616930263065,0.8786049569350981,0.7078915585668795,0.9292337284467813,1.0,0.4103510358788219,0.37297844609022246,0.49404740687173576,0.5708225502188783,-0.028466091646193944,-0.028466091646193944,0.5590939432374477,0.36699883172404657,0.61263747463298,0.5120222007946971,0.6677296608558072,,,,,,,,,,,,
Vineland-community_RAW_SCORE,-0.15611209861181896,-0.22091334709219665,-0.08247431624775341,-0.11192942919337963,-0.18114894461560122,-0.04565542506572064,-0.34315206581654545,-0.1870399672047265,0.0927836057787226,0.10898391789881702,0.10309289530969178,-0.15022107602269372,0.07511053801134686,0.10309289530969178,-0.1855672115574452,-0.19293098979385173,-0.0942563614260039,-0.10898391789881702,-0.23711365921229102,-0.17673067767375733,0.010309289530969176,-0.27393255039432385,0.06332849283309637,-0.18409445591016388,0.0132548008255318,-0.03240062424018884,-0.20618579061938355,0.029455112945626218,-0.17378516637919467,0.18114894461560122,-0.057437470243971125,-0.1340207639025993,-0.2901328625144183,0.09131085013144127,-0.0942563614260039,0.06332849283309637,-0.15316658731725635,-0.05154644765484589,-0.03240062424018884,-0.19145823414657043,-0.2349520956534528,-0.15237686140541779,-0.2803932437950453,-0.25568795906411657,-0.2087357004544652,0.03947012611402739,0.3234156080292011,0.04280835157958942,-0.20858079453297754,0.08847879551506609,0.11684400926911068,-0.020150690231838374,-0.1101259853734039,0.07819817392090453,0.003768797588460053,0.09180495640797601,0.3268436958502749,0.08949105732579424,-0.034513765108803086,-0.16543592641532243,0.26215050521607336,0.4747213035753511,0.5075419038803879,0.4049855014738787,0.3945131168064109,0.41035103587882193,1.0,0.7300884955752212,0.7872977569586327,0.7849243241805323,0.025925244315522587,0.025925244315522587,0.8473451327433628,0.6946902654867255,0.7377850645798321,0.7115415756763275,0.6904939236693542,,,,,,,,,,,,
Vineland-copy_skills_RAW_SCORE,-0.010309289530969176,-0.3726071787621717,-0.28866010686713695,-0.3048604189872314,-0.4035350473550792,0.0014727556472813109,-0.32989726499101363,-0.22385885838675926,0.019145823414657044,-0.1885127228520078,-0.04712818071300195,-0.12518423001891144,-0.060382981538533755,0.11192942919337963,-0.39322575782411007,-0.19293098979385173,-0.23416814791772847,-0.09131085013144127,-0.3254789980491697,-0.13549351954988062,-0.1723124107319134,-0.307805930281794,-0.0029455112945626217,-0.35787962228935855,0.008836533883687867,-0.060382981538533755,-0.14433005343356847,0.09720187272056653,-0.05154644765484589,0.2002947680302583,0.023564090356500974,0.019145823414657044,-0.39322575782411007,-0.03240062424018884,-0.19734925673569567,-0.18262170026288255,-0.1855672115574452,0.023564090356500974,-0.15463934296453766,-0.16936689943735078,-0.3494540663200089,-0.1025903621343407,-0.36458846025140873,-0.19853417997919637,-0.19541214510630786,-0.01518081773616438,0.031798656904549756,-0.08179452891100121,-0.3394985272717613,-0.1152454899565987,0.32900813136302215,-0.27688541022266805,-0.23673341073466414,0.16192551165439828,-0.1907011579760787,0.084154543373978,0.18437336688989864,0.12379596263401536,0.12154847712230656,-0.25110810259468586,0.3063331746345127,0.24108103817933194,0.4311860422346658,0.4409176716601009,0.23180431721958605,0.37297844609022246,0.7300884955752212,1.0,0.8596759747653362,0.35772445659451757,0.507702701178984,0.507702701178984,0.7551622418879055,0.5892330383480825,0.601487422127333,0.6671626832225026,0.6602802087595958,,,,,,,,,,,,
Vineland-domestic_RAW_SCORE,-0.16814232447807734,-0.43363020523293644,-0.43952993591637773,-0.4424798012580984,-0.5162264348011146,-0.21534016994560784,-0.40708141715745044,-0.4129811478408918,-0.20944043926216654,-0.2212399006290492,-0.14454340174431213,-0.2507385540462557,-0.1592927284529154,0.07079676820129574,-0.4985272427507907,-0.256638284729697,-0.19469111255356328,-0.1179946136688262,-0.5250760308262767,-0.29498653417206555,-0.1061951523019436,-0.4041315518157298,-0.17699192050323934,-0.4778781853587462,-0.13274394037742948,-0.1828916511866806,-0.3657833023733612,-0.061947172176133755,-0.1858415165284013,0.07079676820129574,-0.14454340174431213,-0.17404205516151866,-0.5575245495852039,-0.24188895802109375,-0.333334783614434,-0.26253801541313837,-0.26548788075485896,-0.15634286311119475,-0.2507385540462557,-0.24188895802109375,-0.1295635943492805,-0.06496921280132809,-0.2429025459871795,-0.1415893890362846,-0.15418866889833996,0.0,0.05437064175052053,0.10105455825275035,-0.14518534451075354,-0.09977886001611258,0.33873263304922274,-0.06128885586114489,-0.15155328034370755,0.11865722160428756,-0.11172131101237619,0.019920476822239897,0.15946691978784058,0.12248523512540505,0.08415773317156838,-0.15680473372781065,0.3244851875892721,0.26826378171650606,0.5277841803963048,0.5172884722634238,0.3690541570547421,0.49404740687173565,0.7872977569586327,0.8596759747653363,0.9999999999999998,0.5225760128818919,0.3764717206944772,0.3764717206944772,0.7636640531850153,0.5642546775951176,0.6854629584854468,0.6637044320491591,0.8029539975204133,,,,,,,,,,,,
Vineland-expressive_RAW_SCORE,-0.23025987024042477,0.05756496756010619,0.19188322520035397,0.18155105153571952,0.10774981107404492,-0.188931175581887,-0.11660595992944588,0.08560943893554254,0.15498260496951669,0.2597803664250946,0.2464961431419932,-0.053136893132405716,0.21107154772038936,0.16531477863415112,0.15941067939721718,-0.030996520993903334,0.11512993512021238,-0.07232521565244111,0.06937316603397413,0.025092421756969366,0.15498260496951669,0.013284223283101429,0.10036968702787746,0.0,0.10479776145557794,0.11955800954791287,-0.02214037213850238,0.19335925000958745,-0.053136893132405716,0.33062955726830223,0.12251005916637984,-0.10627378626481143,-0.287824837800531,0.270112540089729,0.10184571183711096,0.1505545305418162,-0.016236272901568413,0.038376645040070795,-0.019188322520035397,-0.030996520993903334,0.2079023528146016,-0.008316168879819431,-0.05573864114332941,0.030147708776408964,0.04376859416810293,0.3765592582848017,0.37154872666533145,0.11798428340701857,0.234988945216806,0.20715718309125175,0.09399086658260826,0.3119070406613142,0.2785539637624548,0.06253907721160958,0.10576057545651188,0.15488138109683952,0.3863636835205434,0.3027027572983406,0.15565669800425483,0.18282758524338147,0.377862351163774,0.6204464865978536,0.5281749869514433,0.32935911828364145,0.6068585784352463,0.5708225502188782,0.7849243241805323,0.35772445659451757,0.522576012881892,1.0,-0.2403408269108034,-0.2403408269108034,0.6407998013790221,0.6733202065239783,0.6830009515539734,0.5433656051858637,0.6248180884013521,,,,,,,,,,,,
Vineland-fine_motor_RAW_SCORE,0.1251209392609757,-0.2588709088158118,-0.4012499086645083,-0.24592736337502122,-0.44008054498688004,0.3020160602851138,-0.06471772720395295,-0.17689512102413807,-0.11217739382018511,-0.2372983330811608,-0.23298381793423062,-0.1251209392609757,-0.26318542396274197,0.034516121175441575,-0.2286693027873004,-0.02588709088158118,-0.25455639366888155,0.04745966661623216,-0.24592736337502122,-0.1208064241140455,-0.01294354544079059,-0.2372983330811608,-0.1251209392609757,-0.43576602983994983,-0.09491933323246432,-0.18120963617106825,-0.02588709088158118,-0.07334675749781334,-0.008629030293860394,-0.18552415131799846,0.08629030293860393,-0.09060481808553413,-0.18983866646492864,0.06903224235088315,-0.1380644847017663,-0.42713699954608947,-0.1596370604364173,0.05608869691009256,-0.29770154513818353,-0.06040321205702275,-0.361577693247561,-0.0928150164871685,-0.22176259596633233,-0.15862263399995827,-0.34478316410185433,-0.282403576576663,-0.38171172748234644,-0.3583123371410219,-0.3510278103048349,-0.49009024687169406,-0.06080340884975718,-0.4919375592892596,-0.278726008080838,-0.15503777282517836,-0.44384381028033687,-0.23532901826048364,-0.2946171696841418,-0.22502818596751145,-0.14287267146390176,-0.38296261243058893,0.4702821510153914,-0.052315524744756155,0.039474443575393606,0.33553277039084567,-0.10012120298365658,-0.028466091646193948,0.025925244315522587,0.507702701178984,0.3764717206944772,-0.24034082691080338,1.0,1.0,0.29165899854962907,0.3694347314961969,0.16926471131183607,0.2513532468849435,0.2979206850612243,,,,,,,,,,,,
Vineland-gross_motor_RAW_SCORE,0.1251209392609757,-0.2588709088158118,-0.4012499086645083,-0.24592736337502122,-0.44008054498688004,0.3020160602851138,-0.06471772720395295,-0.17689512102413807,-0.11217739382018511,-0.2372983330811608,-0.23298381793423062,-0.1251209392609757,-0.26318542396274197,0.034516121175441575,-0.2286693027873004,-0.02588709088158118,-0.25455639366888155,0.04745966661623216,-0.24592736337502122,-0.1208064241140455,-0.01294354544079059,-0.2372983330811608,-0.1251209392609757,-0.43576602983994983,-0.09491933323246432,-0.18120963617106825,-0.02588709088158118,-0.07334675749781334,-0.008629030293860394,-0.18552415131799846,0.08629030293860393,-0.09060481808553413,-0.18983866646492864,0.06903224235088315,-0.1380644847017663,-0.42713699954608947,-0.1596370604364173,0.05608869691009256,-0.29770154513818353,-0.06040321205702275,-0.361577693247561,-0.0928150164871685,-0.22176259596633233,-0.15862263399995827,-0.34478316410185433,-0.282403576576663,-0.38171172748234644,-0.3583123371410219,-0.3510278103048349,-0.49009024687169406,-0.06080340884975718,-0.4919375592892596,-0.278726008080838,-0.15503777282517836,-0.44384381028033687,-0.23532901826048364,-0.2946171696841418,-0.22502818596751145,-0.14287267146390176,-0.38296261243058893,0.4702821510153914,-0.052315524744756155,0.039474443575393606,0.33553277039084567,-0.10012120298365658,-0.028466091646193948,0.025925244315522587,0.507702701178984,0.3764717206944772,-0.24034082691080338,1.0,1.0,0.29165899854962907,0.3694347314961969,0.16926471131183607,0.2513532468849435,0.2979206850612243,,,,,,,,,,,,
Vineland-inter_pers_rel_RAW_SCORE,0.0029455112945626217,-0.2017675236775396,-0.04418266941843933,-0.10456565095697308,-0.14138454213900586,0.03092786859290753,-0.15611209861181896,-0.10751116225153569,0.08983809448415997,0.08983809448415997,0.011782045178250487,-0.058910225891252437,0.004418266941843933,0.19587650108841437,-0.17673067767375733,-0.03240062424018884,0.0058910225891252435,0.060382981538533755,-0.19293098979385173,-0.0265096016510636,0.03681889118203278,-0.19587650108841437,0.048600936360283266,-0.2577322382742294,0.08689258318959733,0.10751116225153569,-0.175257922026476,0.21502232450307138,0.05154644765484589,0.2754053060416052,0.0927836057787226,0.0014727556472813109,-0.3048604189872314,0.0927836057787226,-0.019145823414657044,-0.008836533883687867,-0.10162013966241044,0.058910225891252437,-0.04712818071300195,-0.010309289530969176,-0.35168462419013663,-0.13200965715815896,-0.21550885680115053,-0.3354024404193999,-0.22872103347670125,-0.18216981283397257,0.268349641194493,-0.0542748743241223,-0.363906918121365,0.0133833472207663,-0.007687105872967807,-0.17016138417996848,-0.3071541088645959,0.15955587002043148,-0.12286280138379774,0.07650413033998,0.36455642998684507,-0.10962654522409797,-0.09378740518696493,-0.2710490401536756,0.5611199016141795,0.436029285102125,0.6572592796563134,0.7665529639727391,0.5802537556041562,0.5590939432374477,0.8473451327433628,0.7551622418879055,0.7636640531850153,0.6407998013790221,0.2916589985496291,0.2916589985496291,1.0,0.7883480825958701,0.9185275904407548,0.8261870478487089,0.7582905522473483,,,,,,,,,,,,
Vineland-personal_RAW_SCORE,-0.21354956885579007,-0.12518423001891144,-0.020618579061938352,0.02503684600378229,-0.1870399672047265,-0.07805604930590948,-0.13549351954988062,-0.06332849283309637,0.0132548008255318,-0.06332849283309637,-0.041237158123876703,-0.2680415278051986,-0.10014738401512915,-0.011782045178250487,-0.004418266941843933,-0.15022107602269372,-0.12960249696075535,-0.15758485425910027,-0.0397644024765954,-0.23564090356500975,-0.06332849283309637,-0.2297498809758845,-0.11192942919337963,-0.3696616674676091,-0.11192942919337963,-0.13549351954988062,-0.12076596307706751,0.11634769613522357,-0.11192942919337963,0.2783508173361678,0.004418266941843933,-0.1855672115574452,-0.3784982013512969,0.27393255039432385,-0.10162013966241044,-0.2032402793248209,-0.2400591705068537,-0.09572911707328521,-0.19882201238297698,-0.24889570439054157,-0.14126866510808872,-0.08976656686754811,-0.17379746516221817,-0.08422662180935603,-0.098446270072496,0.04554245320849314,0.0038778849883597255,-0.2713743716206115,-0.10650934188918003,-0.10929733563625812,-0.03843552936483904,0.01343379348789225,0.0037457818154219007,-0.13901897585938583,-0.3060263641829563,0.1943204910635492,0.43579159446703314,-0.016406693843062276,0.030762268901324497,-0.12776971102611956,0.5714291911451487,0.3147446887341278,0.43867191102346204,0.47160973369416564,0.44429160800420664,0.36699883172404657,0.6946902654867255,0.5892330383480825,0.5642546775951176,0.6733202065239783,0.3694347314961968,0.3694347314961968,0.7883480825958701,1.0,0.7659334907385004,0.5584343967106313,0.6448048913667929,,,,,,,,,,,,
Vineland-play_leisure_RAW_SCORE,-0.18343516397832094,-0.23964916584264517,-0.07100716024967264,-0.15976611056176343,-0.15384884720762404,-0.21006284907194822,-0.16568337391590282,-0.19231105900953002,-0.1272211621139968,-0.04437947515604539,-0.1242625304369271,-0.21006284907194822,-0.1420143204993453,0.03846221180190601,-0.2189387441031573,-0.07692442360381202,-0.02662768509362724,-0.08284168695795141,-0.221897375780227,-0.1213038987598574,-0.032544948447766626,-0.2485250608738542,-0.1301797937910665,-0.34320127454008437,-0.07100716024967264,0.0,-0.2840286409986906,0.2426077975197148,0.023669053416557544,0.4112498031126873,0.020710421739487853,-0.07988305528088172,-0.5029673851018478,-0.00887589503120908,-0.1213038987598574,-0.1272211621139968,-0.2189387441031573,-0.14497295217641495,-0.17751790062418157,-0.10355210869743926,-0.12696130338248285,-0.022731030232915873,-0.03569019838051822,-0.2024400164709786,-0.062453548860175366,-0.10521422661476373,0.1480160231384601,-0.06142719371981927,-0.16344743154834615,0.01194929914188074,-0.020075502326238157,0.08695896505045987,-0.19715326529548094,0.1713741755612878,-0.12719566233846014,0.09067699104215778,0.4461507071772265,0.01797793663241549,0.022609240445980616,-0.12759700093019138,0.6153953888304962,0.43647673536162324,0.7564328862436768,0.800044325013193,0.6567193438218167,0.61263747463298,0.7377850645798321,0.601487422127333,0.6854629584854468,0.6830009515539734,0.1692647113118361,0.1692647113118361,0.9185275904407547,0.7659334907385004,1.0,0.6419026402625959,0.7165159096217933,,,,,,,,,,,,
Vineland-receptive_RAW_SCORE,0.3618942474338481,0.007385596886405063,0.11078395329607597,0.10192123703238987,-0.010339835640967089,0.2776984429288304,0.07090173010948862,0.07533308824133166,0.2673586072878633,0.2171365484603089,0.25406453289233416,0.228953503478557,0.347123053661038,0.45052141007070884,0.044313581318430384,0.24520181662864812,0.30428659171988864,0.3722340830748152,0.02658814879105823,0.2629272491560203,0.2614501297787393,0.14623481835082028,0.18759416091468864,-0.017725432527372156,0.33235185988822785,0.33530609864278993,0.1639602508781924,0.27031284604242534,0.23929333911952408,0.17873144465100255,0.39734511248859244,0.1713458477645975,-0.08567292388229875,0.14623481835082028,0.20827383219662282,0.15952889274634938,0.2067967128193418,0.3870052768476253,0.17873144465100255,0.3146264273608557,-0.4079101062991177,-0.2057886684877408,-0.3548226184815131,-0.49478907020072366,-0.4691909236536493,-0.20630956338021877,0.3212623785630206,0.1058045788510084,-0.39762611275964393,0.010440112409849446,0.010022847292741234,-0.39148285801206656,-0.36441740389555594,0.026935511843844313,-0.038555637090142286,-0.012276929558635085,0.05883807349145581,-0.2109271089988976,-0.22425166185897666,-0.33259295757820584,0.34860017303831903,0.3604541850282375,0.4437257070919112,0.6652131581783982,0.4545499976350695,0.5120222007946971,0.7115415756763276,0.6671626832225026,0.6637044320491591,0.5433656051858636,0.2513532468849435,0.2513532468849435,0.8261870478487089,0.5584343967106313,0.6419026402625959,1.0,0.6918007327281158,,,,,,,,,,,,
Vineland-written_RAW_SCORE,-0.010301695209842053,-0.4459162355117346,-0.17071380633452546,-0.15894044038042027,-0.32229589299362993,-0.06033850051478917,-0.23105230684931463,-0.33701260043626147,-0.18984552600994642,-0.19573220898699903,-0.21339225791815683,-0.28991913661984064,-0.19278886749847268,-0.07358353721315752,-0.3208242222493668,-0.30169250257394586,-0.1398087207049993,-0.1810155015443675,-0.332597588203472,-0.20750557494110425,-0.06769685423610491,-0.35761599085594553,-0.29286247810836696,-0.4724063089084713,-0.17365714782305175,-0.07211186646889438,-0.3384842711805246,-0.032376756373789305,-0.2281089653607883,0.014716707442631503,0.005886682977052602,-0.2516556972689987,-0.4120678083936822,-0.17660048931157807,-0.30905085629526163,-0.28108911215426174,-0.3061075148067353,-0.13686537921647302,-0.2884474658755775,-0.17218547707878862,-0.1307629976899923,-0.2517642614988498,-0.40214123094030507,-0.2374643405778455,-0.22263532847219764,-0.035648641807778915,0.10927579949199269,0.04048520168811998,-0.17295018318202895,-0.13893568504561685,0.18973164652394,-0.06264485502837024,-0.22008972249587755,0.01262877888728547,-0.270400330053218,0.04433970874516698,0.12142929336468518,0.0126685606338552,-0.011995944556754248,-0.2428050231472573,0.5916116391937866,0.37771281075604973,0.6388222602859844,0.6433104728875253,0.6132349990195197,0.6677296608558072,0.6904939236693542,0.6602802087595959,0.8029539975204133,0.6248180884013521,0.2979206850612243,0.2979206850612243,0.7582905522473484,0.6448048913667929,0.7165159096217933,0.6918007327281158,1.0,,,,,,,,,,,,
"V24 ADOS_Derived,restricted_repetitive_behavior_total",,,,,,,,,,,,,,,,,,,,,,,,,,,,,,,,,,,,,,,,,,,,,,,,,,,,,,,,,,,,,,,,,,,,,,,,,,,,,,,,,,,,,,,,,
"V36 ADOS_Derived,restricted_repetitive_behavior_total",,,,,,,,,,,,,,,,,,,,,,,,,,,,,,,,,,,,,,,,,,,,,,,,,,,,,,,,,,,,,,,,,,,,,,,,,,,,,,,,,,,,,,,,,
"V37Plus ADOS_Derived,restricted_repetitive_behavior_total",,,,,,,,,,,,,,,,,,,,,,,,,,,,,,,,,,,,,,,,,,,,,,,,,,,,,,,,,,,,,,,,,,,,,,,,,,,,,,,,,,,,,,,,,
"V24 ADOS_Derived,severity_score_lookup",,,,,,,,,,,,,,,,,,,,,,,,,,,,,,,,,,,,,,,,,,,,,,,,,,,,,,,,,,,,,,,,,,,,,,,,,,,,,,,,,,,,,,,,,
"V36 ADOS_Derived,severity_score_lookup",,,,,,,,,,,,,,,,,,,,,,,,,,,,,,,,,,,,,,,,,,,,,,,,,,,,,,,,,,,,,,,,,,,,,,,,,,,,,,,,,,,,,,,,,
"V37Plus ADOS_Derived,severity_score_lookup",,,,,,,,,,,,,,,,,,,,,,,,,,,,,,,,,,,,,,,,,,,,,,,,,,,,,,,,,,,,,,,,,,,,,,,,,,,,,,,,,,,,,,,,,
"V24 ADOS_Derived,social_affect_restricted_repetitive_behavior_total",,,,,,,,,,,,,,,,,,,,,,,,,,,,,,,,,,,,,,,,,,,,,,,,,,,,,,,,,,,,,,,,,,,,,,,,,,,,,,,,,,,,,,,,,
"V36 ADOS_Derived,social_affect_restricted_repetitive_behavior_total",,,,,,,,,,,,,,,,,,,,,,,,,,,,,,,,,,,,,,,,,,,,,,,,,,,,,,,,,,,,,,,,,,,,,,,,,,,,,,,,,,,,,,,,,
"V37Plus ADOS_Derived,social_affect_restricted_repetitive_behavior_total",,,,,,,,,,,,,,,,,,,,,,,,,,,,,,,,,,,,,,,,,,,,,,,,,,,,,,,,,,,,,,,,,,,,,,,,,,,,,,,,,,,,,,,,,
"V24 ADOS_Derived,social_affect_total",,,,,,,,,,,,,,,,,,,,,,,,,,,,,,,,,,,,,,,,,,,,,,,,,,,,,,,,,,,,,,,,,,,,,,,,,,,,,,,,,,,,,,,,,
"V36 ADOS_Derived,social_affect_total",,,,,,,,,,,,,,,,,,,,,,,,,,,,,,,,,,,,,,,,,,,,,,,,,,,,,,,,,,,,,,,,,,,,,,,,,,,,,,,,,,,,,,,,,
"V37Plus ADOS_Derived,social_affect_total",,,,,,,,,,,,,,,,,,,,,,,,,,,,,,,,,,,,,,,,,,,,,,,,,,,,,,,,,,,,,,,,,,,,,,,,,,,,,,,,,,,,,,,,,
